============================================================
LARAVEL BLADE COMPONENTS
Generated: 08/25/2026 10:17:36
============================================================

============================================================
PHP COMPONENT CLASSES
============================================================
No app\View\Components directory found.

============================================================
BLADE COMPONENT VIEWS
============================================================

============================================================
COMPONENT VIEW: C:\laragon\www\skwelahubv1\resources\views\components\app-logo.blade.php
============================================================
@props([
    'sidebar' => false,
])

@if($sidebar)
    <flux:sidebar.brand :name="config('app.name', 'Laravel')" {{ $attributes }}>
        <x-slot name="logo" class="flex aspect-square size-8 items-center justify-center rounded-md bg-accent-content text-accent-foreground">
            <x-app-logo-icon class="size-5 fill-current text-white dark:text-black" />
        </x-slot>
    </flux:sidebar.brand>
@else
    <flux:brand :name="config('app.name', 'Laravel')" {{ $attributes }}>
        <x-slot name="logo" class="flex aspect-square size-8 items-center justify-center rounded-md bg-accent-content text-accent-foreground">
            <x-app-logo-icon class="size-5 fill-current text-white dark:text-black" />
        </x-slot>
    </flux:brand>
@endif


============================================================
COMPONENT VIEW: C:\laragon\www\skwelahubv1\resources\views\components\app-logo-icon.blade.php
============================================================
<svg version="1.0" xmlns="http://www.w3.org/2000/svg" width="600.000000pt" height="600.000000pt"
    viewBox="0 0 600.000000 600.000000" preserveAspectRatio="xMidYMid meet">
    <g transform="translate(0.000000,600.000000) scale(0.100000,-0.100000)" fill="#000000" stroke="none">
        <path
            d="M2792 5515 c-41 -13 -92 -35 -114 -50 -22 -15 -37 -21 -33 -15 5 9 1 10 -16 5 -44 -13 -134 -92 -176 -156 l-43 -63 0 35 c0 52 18 105 47 139 14 17 23 34 19 37 -11 11 -92 -76 -121 -129 -24 -43 -27 -58 -23 -118 3 -67 3 -68 -19 -59 -36 13 -111 -6 -151 -38 -47 -38 -54 -59 -10 -34 31 18 68 25 127 22 18 -1 9 -9 -38 -32 -91 -46 -162 -152 -161 -243 l1 -31 30 35 c19 22 28 28 24 15 -37 -103 -58 -152 -72 -167 -28 -32 -4 -33 34 -2 36 29 60 66 33 49 -10 -6 -12 -4 -7 9 4 10 7 22 7 28 0 7 5 7 13 -1 8 -6 18 -7 23 -3 4 4 3 0 -3 -8 -6 -8 -12 -19 -14 -25 -1 -5 -9 -26 -17 -45 -12 -30 -13 -46 -2 -110 6 -41 24 -112 39 -158 l28 -84 -23 -10 c-37 -17 -58 -86 -51 -168 7 -86 27 -132 106 -242 53 -74 68 -88 97 -94 18 -3 40 -4 48 -1 11 4 20 -9 32 -46 23 -70 40 -103 84 -162 23 -32 39 -65 42 -92 6 -40 4 -43 -33 -68 -38 -27 -47 -44 -84 -162 -13 -40 -21 -53 -36 -53 -11 0 -81 -31 -157 -69 -75 -38 -211 -104 -302 -146 -91 -42 -177 -87 -191 -101 -14 -14 -42 -29 -63 -35 -55 -15 -100 -61 -162 -166 -74 -126 -103 -192 -181 -418 -40 -115 -90 -234 -125 -300 -120 -224 -305 -617 -313 -667 -5 -27 4 -72 35 -180 56 -194 84 -266 128 -329 34 -50 47 -59 187 -129 178 -89 281 -125 418 -146 56 -9 170 -30 252 -46 252 -52 286 -57 337 -49 62 10 96 42 142 135 l36 71 0 -62 c0 -40 4 -63 11 -63 8 0 10 28 6 98 -7 106 -1 111 12 11 8 -57 9 -50 7 53 0 66 3 121 9 127 7 7 9 -18 7 -72 -2 -45 1 -98 6 -117 8 -27 10 -2 11 119 1 139 15 275 30 293 3 4 3 -46 -1 -110 -9 -174 -9 -292 2 -265 5 12 10 137 12 277 l3 255 31 14 31 15 1 -176 c2 -264 14 -542 23 -547 12 -8 32 177 30 273 -1 39 2 52 12 49 13 -4 14 -19 2 -52 -7 -20 -6 -20 9 -1 25 31 29 12 5 -28 -12 -20 -19 -39 -16 -42 3 -3 13 8 23 25 17 28 34 41 34 24 0 -3 -13 -30 -30 -59 -37 -66 -23 -80 17 -19 l29 45 44 -60 c24 -33 46 -58 48 -55 3 2 -14 34 -38 70 l-43 66 51 74 50 75 45 -62 c42 -60 44 -64 31 -90 -20 -39 -17 -48 5 -15 l18 28 44 -60 c24 -33 47 -61 50 -61 3 0 27 34 54 75 26 41 53 75 58 75 6 0 7 3 4 6 -4 4 2 19 12 33 38 56 62 101 54 101 -5 0 -24 -25 -43 -56 -19 -31 -36 -52 -38 -46 -1 5 13 35 32 66 20 30 36 61 36 68 0 7 -19 -16 -42 -51 -23 -35 -44 -59 -46 -53 -1 5 13 36 33 67 20 31 34 59 32 62 -3 3 -22 -20 -43 -51 -24 -37 -41 -53 -47 -47 -6 6 3 29 27 65 20 30 40 57 44 60 5 3 25 -17 45 -44 l37 -50 -88 -132 c-117 -175 -144 -219 -139 -224 6 -6 49 49 106 134 l42 63 19 -23 c11 -13 19 -19 20 -14 0 5 -7 17 -16 27 -14 16 -12 22 28 82 l43 65 47 -66 c27 -37 48 -70 48 -75 0 -4 -18 -35 -40 -67 -22 -32 -40 -61 -40 -64 0 -18 20 2 55 54 l40 60 38 -43 c21 -23 36 -34 33 -24 -3 10 1 28 9 40 14 20 15 18 15 -36 0 -31 3 -57 8 -57 4 0 6 45 4 99 -1 55 2 102 7 105 6 4 10 -41 10 -113 1 -66 3 -125 5 -133 2 -7 8 -26 12 -43 7 -29 8 -29 15 15 4 25 5 296 2 604 -6 556 -6 558 14 548 19 -10 20 -29 34 -324 12 -275 14 -297 17 -178 2 74 -2 193 -7 264 -14 161 -14 216 -1 216 6 0 11 -52 12 -132 l2 -133 6 130 c6 160 22 151 24 -15 0 -65 4 -122 9 -126 4 -4 7 50 7 120 0 82 4 125 10 121 6 -3 10 -32 11 -63 0 -31 4 -75 9 -97 7 -32 8 -20 7 56 -2 94 -2 95 21 91 12 -2 22 -12 22 -21 0 -9 6 -27 14 -41 10 -21 10 -30 0 -52 -25 -50 -44 -213 -56 -475 -6 -145 -8 -266 -5 -270 14 -13 21 9 27 80 l6 72 8 -93 c4 -50 13 -92 18 -92 7 0 8 26 4 73 -12 138 -10 500 3 581 16 101 26 126 48 126 17 -1 17 -2 2 -13 -11 -8 -22 -45 -32 -107 -17 -107 -29 -237 -19 -202 4 13 7 -73 7 -190 1 -204 11 -288 35 -288 9 0 20 50 20 89 0 21 -2 23 -11 11 -8 -12 -9 -9 -4 10 3 14 7 30 7 37 1 7 5 10 10 7 5 -3 8 -13 7 -22 -1 -10 -1 -44 0 -77 2 -93 19 -54 27 60 8 130 17 138 12 12 -2 -62 1 -96 7 -94 6 2 11 40 13 85 2 50 7 82 14 82 7 0 8 -26 3 -84 -4 -50 -3 -86 3 -90 43 -26 14 643 -33 766 -4 9 -2 33 5 52 8 26 15 33 29 29 16 -4 20 -20 26 -111 4 -58 11 -115 16 -127 9 -20 4 106 -7 193 -5 33 -3 42 8 42 17 0 27 -104 29 -299 1 -64 5 -145 9 -181 5 -39 7 37 4 193 -3 143 -6 264 -7 269 -1 6 3 12 9 15 12 4 24 -259 24 -539 0 -116 4 -169 12 -174 8 -5 10 66 4 292 -3 164 -9 327 -13 362 -4 43 -2 62 6 62 7 0 11 -41 12 -132 1 -73 5 -146 10 -163 4 -17 5 40 2 132 l-5 163 36 0 36 0 0 -122 c0 -187 11 -353 23 -333 5 9 6 36 3 58 -8 62 -11 395 -3 403 4 4 7 -44 8 -107 1 -63 5 -141 9 -174 6 -39 7 0 4 111 -5 152 -3 172 11 178 9 3 19 6 21 6 2 0 4 -30 3 -67 -1 -46 -3 -60 -8 -43 -11 38 -24 -547 -15 -729 4 -89 10 -164 14 -166 4 -3 6 129 4 293 -3 318 -3 320 27 -195 6 -112 15 -203 18 -203 3 0 5 33 5 72 l-2 73 10 -87 c11 -94 28 -118 28 -40 0 122 -23 400 -36 430 -8 18 -14 59 -14 91 0 32 -5 83 -11 112 -6 30 -12 99 -13 153 -2 85 1 103 16 118 10 10 18 24 18 32 0 27 73 188 80 176 4 -6 14 7 24 32 10 24 20 38 22 32 6 -14 -30 -77 -41 -72 -4 2 -20 -31 -35 -72 -42 -114 -42 -117 -26 -123 10 -4 13 -1 9 9 -3 7 0 14 7 14 6 0 9 3 6 8 -2 4 2 16 10 27 12 16 14 17 14 2 0 -9 -4 -17 -8 -17 -4 0 -8 -15 -9 -33 0 -18 -6 -65 -12 -104 -19 -109 -17 -255 4 -355 4 -21 2 -26 -9 -22 -16 6 -9 -33 33 -185 41 -150 106 -247 193 -292 45 -23 59 -24 32 -3 -10 9 -2 6 19 -5 34 -19 44 -20 80 -10 82 22 153 85 270 241 103 138 147 215 186 334 53 159 50 234 -20 463 -16 51 -29 103 -29 115 0 50 -24 102 -70 150 -50 53 -90 129 -90 172 0 13 12 42 26 64 22 33 25 47 20 80 -4 27 -1 57 9 87 17 48 13 72 -16 113 -10 14 -25 63 -34 110 -30 159 -36 180 -61 199 l-25 19 47 79 c82 138 134 250 134 288 0 45 32 31 -485 220 -574 211 -709 257 -752 253 -35 -3 -40 -9 -95 -98 -32 -52 -62 -96 -67 -98 -9 -3 -26 38 -54 128 -10 32 -25 54 -54 75 -38 29 -39 32 -35 75 3 30 16 60 37 90 43 60 72 117 86 173 11 45 12 45 45 40 30 -5 39 -1 72 34 20 21 62 86 92 143 53 102 55 107 55 185 0 91 -20 141 -59 151 -24 6 -24 7 -11 44 7 21 19 72 26 114 12 70 14 75 26 54 11 -20 12 -14 13 50 0 77 -24 158 -39 133 -8 -12 -13 -3 -21 37 -1 4 -10 17 -21 28 -15 16 -17 24 -8 29 8 5 10 4 5 -4 -4 -6 0 -14 11 -18 10 -4 20 -10 23 -13 3 -4 15 -10 28 -14 21 -7 22 -6 10 19 -7 15 -14 22 -16 16 -6 -17 -39 20 -57 63 -9 21 -11 35 -6 31 18 -10 12 11 -10 39 -14 18 -16 26 -7 26 15 0 65 -74 92 -137 11 -23 23 -40 28 -37 6 4 5 -3 -1 -14 -8 -15 -8 -21 2 -25 6 -2 8 -8 4 -13 -4 -5 -11 -4 -15 1 -4 6 -13 11 -20 13 -10 2 -9 -6 4 -28 13 -21 21 -26 27 -17 5 8 6 5 3 -9 -4 -11 0 -29 8 -39 12 -16 14 -8 15 66 2 89 -13 148 -49 199 -23 32 -25 40 -8 40 22 0 80 53 94 86 18 44 18 59 -2 40 -22 -22 -90 -20 -128 3 -38 24 -112 111 -94 111 7 0 33 -12 57 -25 24 -14 46 -23 49 -21 3 3 -10 25 -29 50 -44 58 -126 112 -193 127 l-53 11 27 30 c38 41 66 138 40 138 -5 0 -10 -4 -10 -10 0 -11 -81 -60 -101 -60 -8 0 0 9 17 19 29 17 52 41 41 41 -3 0 -26 -12 -53 -27 -44 -25 -59 -28 -141 -28 -80 0 -94 3 -106 19 -29 40 -209 31 -333 -15 -33 -12 -52 -25 -48 -31 4 -6 2 -8 -3 -5 -6 4 -16 0 -23 -8 -14 -17 -30 -20 -30 -4 0 5 4 8 9 5 5 -3 11 4 14 16 4 12 9 19 13 16 3 -4 29 9 56 27 27 19 69 40 91 47 67 18 63 25 -15 26 -50 0 -96 -7 -146 -23z m56 -19 c-10 -7 -14 -17 -10 -21 4 -5 1 -5 -7 0 -12 7 -11 10 4 22 24 17 36 17 13 -1z m-52 -29 c-79 -50 -156 -130 -140 -146 3 -3 10 3 16 13 16 29 79 96 90 96 5 0 -7 -19 -26 -42 -52 -61 -46 -75 16 -38 55 32 165 70 236 80 67 10 222 -5 222 -21 0 -4 -57 -9 -127 -11 -92 -3 -139 -9 -167 -21 -51 -22 -42 -30 14 -13 61 18 192 27 187 12 -2 -6 -30 -12 -63 -13 -68 -3 -162 -21 -184 -35 -11 -6 -6 -8 15 -4 206 37 240 33 140 -13 -38 -18 -99 -40 -135 -49 -45 -12 -58 -18 -41 -20 32 -5 151 27 151 40 0 6 7 7 16 4 8 -3 12 -2 9 4 -3 6 -4 10 -1 10 2 0 12 3 22 7 16 6 16 5 -1 -14 -29 -30 -51 -39 -161 -67 -199 -51 -251 -79 -300 -161 -14 -25 -30 -69 -33 -98 -6 -38 -10 -47 -16 -34 -12 28 12 120 43 166 15 21 44 53 66 70 45 36 39 42 -7 9 l-32 -22 19 22 c29 33 106 79 156 93 48 13 74 29 49 29 -30 0 -123 -32 -158 -55 -62 -39 -141 -144 -141 -188 0 -8 -6 -20 -14 -26 -11 -9 -15 -5 -20 20 -7 35 9 73 29 66 7 -3 17 6 24 19 15 35 100 123 134 141 16 8 27 17 24 19 -10 10 -70 -29 -113 -73 -59 -60 -57 -30 2 36 25 28 42 51 37 51 -21 0 -129 -98 -146 -131 -9 -20 -22 -63 -27 -95 l-9 -59 3 61 c2 33 12 76 21 95 30 60 90 149 100 149 5 0 28 18 50 40 38 37 158 110 180 109 6 0 1 -6 -9 -12z m740 -45 c-9 -17 -21 -34 -27 -38 -6 -3 0 12 12 34 27 47 38 49 15 4z m-72 -33 c-37 -38 -115 -87 -132 -81 -6 2 -10 8 -7 12 3 5 13 6 23 3 9 -3 14 -2 10 2 -5 5 14 21 41 36 27 16 53 34 57 41 7 10 -36 -12 -89 -48 -14 -9 -30 -8 -80 8 -33 10 -63 20 -64 22 -2 2 27 1 64 -1 54 -4 78 -1 116 16 27 12 53 19 57 16 5 -3 12 0 15 6 4 5 10 8 13 5 3 -4 -8 -20 -24 -37z m-855 -6 c-13 -15 -37 -38 -52 -51 -34 -30 -105 -168 -117 -226 l-8 -41 -1 43 c-2 67 50 164 128 240 66 63 94 83 50 35z m629 -24 c2 -5 7 -7 12 -4 13 8 72 -17 63 -26 -6 -6 -24 -3 -45 5 -19 8 -58 18 -86 22 -28 3 -49 11 -46 16 7 11 98 -1 102 -13z m241 -22 c0 -8 -2 -8 -6 1 -4 10 -8 10 -21 0 -15 -12 -16 -11 -3 4 14 19 32 15 30 -5z m-355 -18 c-47 -49 -74 -59 -34 -11 19 22 41 41 49 41 9 1 3 -11 -15 -30z m50 -18 c-22 -20 -60 -53 -84 -74 -25 -21 -35 -33 -23 -27 12 5 30 7 40 4 12 -4 14 -3 6 3 -9 6 7 26 52 66 53 48 69 56 90 51 14 -3 25 -9 25 -13 0 -3 -41 -33 -90 -66 l-90 -59 43 -11 c23 -6 56 -19 72 -29 17 -9 21 -14 10 -10 -96 34 -222 36 -313 4 -30 -11 -59 -17 -64 -14 -5 3 -20 -4 -33 -16 -13 -12 -31 -20 -42 -18 -13 3 -3 13 37 37 30 18 44 30 30 26 -23 -6 -24 -5 -7 9 10 8 42 20 70 27 29 6 66 19 82 27 28 14 29 14 16 -1 -16 -20 -9 -22 21 -4 44 25 138 112 138 128 0 3 12 4 27 1 l26 -5 -39 -36z m156 -7 c0 -13 -155 -105 -172 -102 -16 2 -2 16 63 59 70 47 109 62 109 43z m-954 -28 c-4 -19 -2 -37 3 -40 5 -3 12 -30 16 -59 6 -40 10 -47 16 -32 5 14 8 7 8 -26 1 -32 -4 -49 -13 -52 -10 -4 -13 0 -11 14 4 20 -22 139 -33 149 -3 3 -2 -5 1 -18 3 -12 1 -20 -4 -16 -12 7 -11 30 2 77 13 46 23 49 15 3z m1204 11 l35 -16 -37 5 c-20 3 -54 7 -75 8 -21 1 -44 6 -51 10 -8 5 -18 1 -27 -10 -12 -18 -14 -18 -20 -2 -4 9 -13 14 -20 12 -7 -3 -16 0 -20 5 -11 18 173 8 215 -12z m-210 -7 c0 -5 7 -10 15 -10 8 0 15 -4 15 -10 0 -5 -7 -10 -15 -10 -8 0 -15 4 -15 9 0 5 -11 9 -25 9 -13 0 -23 -4 -20 -8 7 -11 -102 -78 -114 -70 -7 3 17 26 56 52 66 45 103 59 103 38z m108 -25 c15 -14 22 -25 17 -25 -17 0 -66 36 -58 43 9 10 11 9 41 -18z m164 3 c9 1 23 -7 30 -16 12 -15 11 -16 -5 -3 -16 13 -20 13 -28 0 -5 -8 -8 -24 -6 -36 2 -13 -2 -24 -10 -27 -8 -3 -11 -1 -8 5 4 5 2 16 -5 24 -9 10 -7 16 7 23 19 11 22 10 -61 27 -14 3 -26 0 -29 -8 -3 -8 -10 -7 -23 7 -19 18 -17 18 51 11 39 -4 78 -7 87 -7z m-1105 -45 c-13 -21 -29 -53 -36 -71 -8 -18 -16 -30 -19 -28 -7 8 18 67 45 104 33 44 39 41 10 -5z m831 29 c8 -6 -8 -19 -52 -42 -36 -19 -69 -31 -73 -27 -9 10 14 26 50 34 15 3 25 8 23 11 -5 5 23 31 34 32 3 0 11 -4 18 -8z m84 -16 c14 -12 34 -26 44 -31 12 -4 14 -9 7 -12 -6 -2 -30 8 -53 23 -22 15 -43 25 -46 22 -3 -3 12 -16 33 -29 21 -13 40 -27 41 -31 2 -5 7 -6 11 -4 10 6 37 -11 29 -19 -7 -8 -78 26 -78 37 0 5 -6 8 -12 7 -7 -1 -26 1 -41 6 l-29 8 29 23 c35 29 35 29 65 0z m-1017 4 c-3 -5 -11 -10 -16 -10 -6 0 -7 5 -4 10 3 6 11 10 16 10 6 0 7 -4 4 -10z m1181 -85 c-4 11 15 -3 43 -32 48 -49 92 -71 146 -74 24 -1 -44 -34 -91 -43 -25 -6 -33 -3 -42 16 -12 23 -12 23 -6 -2 4 -14 4 -23 1 -20 -13 12 -75 110 -70 110 4 0 27 -12 51 -26 l45 -27 -21 30 c-25 35 -52 59 -52 46 0 -5 6 -15 13 -23 18 -22 -32 19 -85 69 -26 24 -45 48 -41 54 3 5 30 -15 61 -45 33 -31 52 -45 48 -33z m-31 55 c10 -11 14 -20 8 -20 -5 0 -18 9 -28 20 -10 11 -14 20 -8 20 5 0 18 -9 28 -20z m-217 -24 c23 -12 23 -13 -17 -25 -31 -9 -46 -9 -63 0 -21 11 -21 12 8 24 37 17 44 17 72 1z m-590 -31 c-14 -14 -31 -27 -39 -29 -8 -1 -30 -10 -49 -19 l-35 -18 44 41 c24 22 52 40 62 40 10 0 21 5 24 11 4 6 9 8 12 5 3 -2 -6 -17 -19 -31z m423 -5 c35 -11 81 -31 101 -45 40 -27 110 -119 83 -109 -8 3 -15 10 -15 15 0 13 -61 69 -94 86 -43 22 -106 43 -106 35 0 -4 19 -15 43 -25 42 -17 128 -84 95 -73 -21 6 -16 -8 29 -82 34 -57 48 -109 16 -62 -50 76 -137 131 -226 144 -41 6 -56 3 -113 -24 -36 -18 -68 -29 -72 -26 -8 9 19 26 30 20 4 -3 8 0 8 6 0 6 4 9 9 6 5 -4 11 -2 13 3 1 5 10 11 18 13 8 2 18 7 21 12 4 5 33 8 65 8 l59 0 -35 13 c-19 7 -27 14 -17 14 10 1 33 -6 52 -13 19 -8 35 -11 35 -7 0 15 -79 41 -143 48 -56 6 -59 7 -32 15 17 4 48 6 70 3 34 -5 37 -4 21 6 -11 6 -56 12 -102 13 -77 1 -85 -1 -126 -30 -38 -27 -47 -29 -62 -18 -16 11 -16 13 3 19 12 3 25 3 31 0 5 -3 10 -2 10 4 0 9 62 35 105 44 55 12 167 6 226 -13z m234 10 c11 -17 -48 -39 -85 -31 l-35 7 45 16 c56 19 67 21 75 8z m-1147 -17 c-10 -2 -26 -2 -35 0 -10 3 -2 5 17 5 19 0 27 -2 18 -5z m72 -13 c-6 -11 -13 -20 -16 -20 -2 0 0 9 6 20 6 11 13 20 16 20 2 0 0 -9 -6 -20z m1128 8 c10 -10 17 -10 32 0 17 10 25 9 45 -4 14 -9 22 -20 19 -25 -3 -5 9 -27 26 -49 17 -22 27 -40 21 -40 -6 0 -11 5 -11 12 0 6 -3 8 -7 5 -3 -4 -13 -1 -21 6 -13 10 -15 9 -9 -5 17 -48 28 -103 23 -124 -4 -13 -1 -26 6 -30 12 -8 7 82 -8 121 -5 14 -4 17 4 10 5 -5 19 -41 30 -80 11 -38 23 -78 27 -89 7 -17 6 -17 -22 -3 -16 9 -35 23 -42 31 -7 9 -17 13 -22 11 -9 -6 -144 123 -137 131 3 2 21 -7 41 -20 19 -13 38 -21 42 -18 4 4 22 -11 41 -33 30 -36 34 -38 34 -17 0 51 -50 119 -118 160 -32 19 -32 20 -10 26 13 4 18 10 11 12 -6 3 -26 -2 -43 -11 -17 -9 -35 -13 -41 -9 -6 3 6 14 27 24 48 23 47 23 62 8z m-508 -15 c-42 -15 -52 -21 -86 -52 -11 -10 -18 -11 -26 -3 -8 8 -3 13 15 18 15 3 24 10 22 15 -3 4 16 15 42 23 64 20 90 19 33 -1z m-605 -23 c3 -5 1 -10 -4 -10 -6 0 -11 5 -11 10 0 6 2 10 4 10 3 0 8 -4 11 -10z m259 -21 c-19 -22 -12 -49 17 -57 11 -3 11 -1 -1 7 -13 9 -13 11 2 11 23 0 34 -20 17 -32 -11 -8 -10 -9 3 -5 9 3 22 0 28 -8 12 -15 32 -14 52 2 7 7 19 8 26 4 20 -12 -32 -42 -67 -39 -16 1 -27 6 -25 10 8 12 -45 1 -62 -13 -11 -9 -14 -9 -14 0 0 7 -8 11 -17 9 -29 -5 -19 53 15 95 9 9 11 17 6 18 -5 0 0 4 11 9 29 13 30 12 9 -11z m189 -8 c16 -9 49 -51 75 -94 26 -43 65 -96 86 -118 22 -21 35 -39 28 -39 -12 0 -117 100 -189 180 -56 62 -77 73 -127 65 -22 -4 -47 -12 -55 -19 -11 -9 -13 -8 -9 4 2 8 18 17 34 21 16 3 39 11 49 17 23 14 68 7 108 -17z m177 23 c0 -3 -13 -10 -30 -15 -16 -6 -30 -15 -30 -20 0 -5 -6 -9 -14 -9 -8 0 -16 -6 -19 -12 -2 -7 -8 -10 -12 -6 -10 9 15 33 43 42 12 4 22 12 22 17 0 5 9 9 20 9 11 0 20 -2 20 -6z m463 -41 c31 -19 57 -38 57 -43 0 -13 -133 45 -138 61 -3 8 -10 18 -16 22 -29 22 46 -9 97 -40z m20 22 c20 -14 37 -28 37 -31 0 -6 -67 32 -84 48 -22 19 12 7 47 -17z m-438 -3 c-27 -9 -52 -19 -55 -22 -10 -12 -70 -51 -70 -46 0 13 5 21 13 19 4 -2 7 2 7 7 0 6 7 10 15 10 8 0 15 4 15 9 0 14 63 41 95 40 26 0 23 -3 -20 -17z m-724 -11 c-29 -10 -65 -31 -80 -46 -25 -26 -25 -26 25 5 71 44 124 50 163 19 16 -13 30 -28 30 -33 1 -5 -7 -2 -17 7 -20 19 -37 23 -27 7 4 -6 -8 -10 -28 -10 -41 0 -97 -18 -97 -31 0 -6 7 -6 18 0 29 15 129 24 136 12 5 -7 -3 -9 -23 -5 -21 4 -35 1 -46 -10 -9 -9 -22 -16 -29 -16 -8 0 -19 -7 -26 -15 -16 -19 -4 -19 49 0 22 8 41 10 41 5 0 -6 9 -10 20 -10 11 0 20 5 20 11 0 8 4 8 14 -1 17 -13 11 -40 -9 -40 -17 0 -46 -35 -38 -46 5 -5 4 -6 -1 -2 -4 4 -33 -13 -64 -37 -62 -49 -81 -51 -37 -5 16 17 24 30 18 30 -18 0 -84 -80 -77 -93 5 -9 4 -9 -6 0 -10 9 -8 18 9 46 11 19 18 36 16 39 -3 3 1 11 10 18 8 7 15 18 15 24 0 6 -12 -2 -26 -19 -18 -21 -24 -24 -19 -10 18 52 14 56 -11 10 -15 -27 -29 -44 -31 -37 -3 7 5 28 16 48 23 39 26 48 11 39 -6 -4 -24 -33 -40 -65 -26 -51 -50 -83 -50 -65 0 14 64 132 83 153 18 19 18 22 4 22 -10 0 -35 -11 -57 -25 -57 -36 -50 -15 18 54 60 61 107 89 152 90 16 0 5 -7 -29 -18z m168 -41 c-3 -65 -14 -65 -15 0 -1 28 3 50 8 50 5 0 8 -22 7 -50z m263 8 c10 1 21 -5 24 -11 4 -7 4 -9 -1 -5 -4 4 -16 3 -27 -3 -23 -12 -58 -3 -58 16 0 9 7 12 23 8 12 -2 30 -5 39 -5z m698 -67 c18 -39 44 -80 58 -93 26 -24 23 -16 -15 41 -36 53 -28 52 31 -5 29 -28 70 -58 90 -65 20 -7 36 -17 36 -21 0 -18 -69 -6 -116 21 -44 26 -57 41 -93 110 -23 45 -38 81 -32 81 5 0 24 -31 41 -69z m-72 -29 c26 -62 36 -126 23 -149 -8 -15 -9 -12 -6 15 2 18 0 30 -5 27 -4 -3 -14 3 -21 13 -13 16 -13 16 5 2 18 -14 19 -13 13 17 -8 39 -29 87 -58 133 l-23 35 26 -23 c15 -13 35 -45 46 -70z m-206 62 c5 -3 6 -10 3 -15 -4 -5 2 -6 12 -2 16 6 16 5 4 -10 -13 -16 -2 -25 13 -10 13 13 33 11 33 -3 0 -8 -5 -13 -11 -11 -6 3 -26 -2 -44 -9 -18 -7 -30 -9 -27 -4 3 6 1 10 -5 10 -6 0 -9 4 -6 9 3 4 -1 16 -8 26 -13 18 -14 17 -37 -4 l-24 -23 34 7 c23 5 31 4 27 -4 -8 -13 -86 -15 -86 -3 0 5 11 14 25 20 14 7 28 18 31 26 5 14 44 13 66 0z m-143 -20 c-27 -15 -83 -20 -60 -5 8 5 21 7 29 3 10 -3 13 -1 9 6 -4 6 1 12 10 14 30 7 37 -4 12 -18z m51 16 c0 -5 -4 -10 -10 -10 -5 0 -10 5 -10 10 0 6 5 10 10 10 6 0 10 -4 10 -10z m594 -83 c13 -42 20 -77 16 -77 -4 0 -17 33 -29 73 -13 39 -25 79 -28 87 -4 11 -2 12 6 4 6 -6 22 -45 35 -87z m20 27 c24 -76 13 -80 -12 -5 -11 34 -17 61 -13 61 4 0 15 -25 25 -56z m-904 36 c0 -5 -8 -10 -17 -10 -15 0 -16 2 -3 10 19 12 20 12 20 0z m625 -12 c4 -13 7 -28 6 -35 -2 -14 103 -123 119 -123 5 0 13 0 16 1 4 0 10 -4 14 -11 4 -6 16 -12 28 -13 12 0 24 -7 26 -14 4 -9 -4 -11 -27 -9 -35 4 -71 -10 -62 -24 3 -6 -1 -7 -9 -4 -9 3 -16 12 -16 19 0 15 -49 70 -69 76 -8 3 -15 20 -16 39 -1 19 -9 52 -18 74 -20 45 -20 46 -8 46 5 0 12 -10 16 -22z m-912 -18 c3 -12 0 -20 -7 -20 -6 0 -12 9 -12 20 0 11 3 20 7 20 4 0 9 -9 12 -20z m147 -5 c23 12 35 14 38 6 2 -7 30 -11 72 -11 58 0 70 -3 74 -18 11 -32 115 -131 166 -157 70 -35 86 -31 20 6 -30 16 -68 44 -85 61 l-30 31 32 -22 c73 -50 135 -71 208 -70 l70 0 -62 23 c-67 25 -79 32 -130 80 -42 38 -42 47 0 34 21 -6 53 -7 88 -1 50 8 61 6 142 -27 l88 -35 14 -50 c9 -27 13 -65 9 -85 l-5 -35 25 28 c14 15 31 45 37 67 12 39 13 40 32 23 28 -26 57 -69 63 -95 7 -30 14 -78 15 -100 0 -9 6 -22 14 -28 11 -9 12 -7 8 12 -3 13 -2 19 3 15 4 -4 10 -22 11 -40 2 -18 6 -54 9 -81 6 -47 6 -48 -17 -41 -13 4 -55 21 -94 39 -61 27 -81 31 -155 30 -101 0 -173 -27 -220 -80 -28 -32 -32 -34 -69 -25 -25 5 -58 5 -86 -1 -43 -9 -46 -8 -69 19 -13 16 -36 35 -50 42 -14 8 -24 17 -21 20 5 9 -17 12 -135 14 -99 2 -109 0 -175 -30 -38 -17 -82 -34 -96 -38 -25 -6 -26 -6 -19 42 3 26 18 71 32 98 18 35 24 63 22 94 -1 25 3 56 8 70 6 14 12 34 13 43 1 9 13 32 28 51 14 19 23 37 20 41 -9 9 -34 8 -30 -1 2 -9 -6 -13 -25 -13 -7 0 -1 8 12 17 14 9 28 22 32 27 5 7 8 4 8 -6 0 -28 14 -28 66 -3 27 14 63 25 81 25 17 0 34 4 37 9 10 15 -76 0 -116 -20 -48 -25 -59 -24 -28 2 14 11 19 18 13 14 -8 -4 -13 0 -13 9 0 18 16 21 25 6 10 -16 23 -12 30 11 6 19 8 19 19 4 12 -16 15 -16 46 0z m334 2 c4 4 4 0 0 -10 -8 -22 -11 -22 -25 6 -11 19 -10 20 3 10 8 -7 18 -10 22 -6z m50 -3 c3 -8 2 -12 -4 -9 -6 3 -10 10 -10 16 0 14 7 11 14 -7z m247 -24 c13 -10 20 -19 15 -20 -4 0 2 -9 15 -21 27 -23 24 -22 -44 9 -27 12 -56 22 -65 22 -11 0 -13 3 -5 11 8 8 20 6 43 -6 17 -9 37 -14 43 -12 7 3 0 8 -15 12 -16 4 -28 11 -28 16 0 15 16 10 41 -11z m-1115 -27 c-1 -7 -5 -15 -9 -18 -4 -3 -5 -2 -2 2 3 3 -2 11 -11 17 -13 10 -13 12 4 12 11 0 19 -6 18 -13z m299 7 c-3 -5 -11 -10 -16 -10 -6 0 -7 5 -4 10 3 6 11 10 16 10 6 0 7 -4 4 -10z m-229 -87 c-21 -20 -38 -47 -42 -68 -3 -19 -10 -35 -14 -35 -9 0 6 63 22 93 5 10 13 15 18 12 5 -3 11 3 14 13 4 10 13 19 22 19 11 0 4 -12 -20 -34z m138 -36 c-35 -35 -64 -69 -64 -76 0 -11 3 -11 15 -1 22 18 18 -1 -6 -30 -11 -14 -18 -19 -14 -12 3 6 4 12 1 12 -3 0 -15 -18 -26 -41 -33 -65 -33 -39 0 41 17 40 28 75 26 77 -2 3 -20 -24 -40 -59 -19 -35 -44 -71 -56 -80 -20 -18 -29 -45 -10 -33 13 8 13 2 -2 -30 -15 -32 -30 -33 -18 0 6 16 6 25 0 25 -16 0 -32 38 -18 46 6 4 8 3 5 -2 -3 -6 -2 -16 2 -23 6 -9 10 -7 14 8 3 11 -1 25 -8 31 -10 8 -11 19 -5 35 5 13 6 26 2 31 -4 4 -1 4 6 0 7 -4 15 -1 18 8 3 9 10 16 15 16 5 0 5 -9 -1 -20 -5 -11 -15 -29 -20 -40 -6 -12 -8 -25 -5 -30 14 -23 34 -6 59 49 27 60 49 87 63 78 5 -3 32 14 62 39 77 64 80 54 5 -19z m1306 43 c0 -5 -2 -10 -4 -10 -3 0 -8 5 -11 10 -3 6 -1 10 4 10 6 0 11 -4 11 -10z m55 -73 c11 -28 23 -46 30 -43 8 3 12 -14 13 -52 l1 -57 -15 33 c-8 17 -18 32 -23 32 -5 0 -11 9 -14 20 -4 17 -3 18 16 8 21 -10 21 -10 5 8 -27 31 -65 137 -39 109 4 -6 16 -32 26 -58z m-36 22 c16 -45 14 -48 -9 -14 -22 33 -25 45 -11 45 5 0 14 -14 20 -31z m-35 5 c5 -14 4 -15 -9 -4 -17 14 -19 20 -6 20 5 0 12 -7 15 -16z m-1254 -28 c0 -15 -18 -31 -26 -23 -7 7 7 37 17 37 5 0 9 -6 9 -14z m-190 -6 c0 -5 -5 -10 -11 -10 -5 0 -7 5 -4 10 3 6 8 10 11 10 2 0 4 -4 4 -10z m1355 0 c3 -5 2 -10 -4 -10 -5 0 -13 5 -16 10 -3 6 -2 10 4 10 5 0 13 -4 16 -10z m62 -2 c25 4 58 -26 67 -60 7 -23 7 -23 -8 2 -14 22 -15 23 -16 5 -1 -17 -3 -16 -16 8 -14 26 -32 40 -19 15 4 -7 -1 -4 -9 6 -10 13 -16 15 -16 7 0 -11 -3 -11 -15 -1 -18 15 -20 34 -2 23 6 -4 22 -6 34 -5z m-1404 -54 c-15 -30 -29 -51 -31 -46 -4 13 38 102 48 102 6 0 -2 -25 -17 -56z m148 11 c5 4 9 3 9 0 0 -9 -73 -149 -81 -155 -12 -10 -18 -55 -9 -70 8 -13 12 -13 32 -1 20 12 21 12 12 0 -12 -14 -11 -31 1 -60 4 -10 0 -19 -10 -23 -9 -3 -14 -2 -10 3 3 5 -3 8 -12 7 -10 -2 -17 -7 -16 -12 2 -12 -25 -26 -37 -19 -6 3 -10 1 -10 -4 0 -6 5 -11 12 -11 9 0 9 -3 1 -11 -12 -12 -56 -3 -49 10 3 4 -1 30 -7 57 -7 27 -12 55 -11 62 1 6 2 19 3 27 0 8 6 15 12 15 6 0 8 -9 4 -20 -4 -12 -2 -20 5 -20 6 0 8 5 5 10 -3 6 -1 10 6 10 7 0 9 3 6 7 -4 3 -2 12 4 19 7 9 6 21 -5 43 -9 16 -12 32 -7 35 13 8 32 -19 25 -37 -6 -17 8 -29 28 -22 14 6 93 144 86 151 -3 2 -26 -30 -52 -71 -26 -41 -50 -75 -52 -75 -6 0 12 33 58 106 21 34 39 67 39 75 1 8 4 4 6 -9 2 -12 9 -20 14 -17z m1179 5 c8 -15 8 -18 -3 -14 -8 3 -14 11 -14 19 0 20 4 19 17 -5z m62 -35 c11 -20 11 -20 -11 0 -13 11 -28 29 -33 40 -11 20 -11 20 11 0 13 -11 28 -29 33 -40z m-32 -36 c12 -23 19 -43 16 -46 -4 -4 -46 69 -46 82 0 15 12 1 30 -36z m80 -10 c12 -23 19 -47 16 -55 -3 -9 -1 -12 4 -9 6 3 10 1 10 -4 0 -6 -5 -11 -12 -11 -6 0 -8 -3 -4 -7 4 -4 15 2 24 14 10 13 22 19 29 15 9 -6 6 -32 -11 -105 -13 -53 -21 -99 -18 -102 3 -3 -1 -5 -9 -5 -19 1 -49 25 -49 40 0 7 -8 10 -20 7 -22 -6 -48 17 -30 28 5 3 10 19 10 35 0 16 5 32 11 36 6 3 7 9 2 13 -14 10 -33 61 -23 61 5 0 12 -11 16 -25 3 -14 11 -25 16 -25 6 0 7 8 4 17 -6 14 -2 12 17 -5 13 -12 27 -22 33 -22 5 0 3 4 -5 9 -8 5 -15 18 -17 28 -2 25 -11 69 -19 93 -11 34 4 22 25 -21z m71 -6 l-4 -38 -10 29 c-8 25 -3 39 18 46 1 0 -1 -17 -4 -37z m-1354 -10 c-15 -17 -17 -22 -17 -42 0 -5 -6 -16 -14 -23 -7 -8 -20 -27 -29 -43 -9 -17 -16 -23 -17 -15 0 9 7 26 16 38 8 12 12 22 9 22 -4 0 8 18 25 40 18 23 28 45 24 52 -5 10 -4 10 6 1 11 -10 11 -16 -3 -30z m1241 -5 c6 -16 8 -28 3 -28 -5 0 -11 8 -14 18 -2 9 -8 26 -12 37 -12 30 9 6 23 -27z m77 32 c3 -5 -1 -10 -9 -10 -9 0 -16 5 -16 10 0 6 4 10 9 10 6 0 13 -4 16 -10z m-1483 -102 c-7 -7 -12 -8 -12 -2 0 14 12 26 19 19 2 -3 -1 -11 -7 -17z m454 -79 c4 -7 10 -7 16 -1 11 11 32 5 95 -25 63 -29 91 -139 57 -221 -18 -43 -67 -97 -108 -119 -16 -8 -55 -15 -87 -16 -81 0 -142 37 -181 112 -46 87 -33 198 29 238 56 37 164 56 179 32z m750 -10 c59 -28 84 -71 84 -143 0 -94 -37 -158 -114 -198 -42 -21 -124 -26 -167 -9 -40 15 -95 66 -114 107 -26 55 -25 141 4 187 12 20 29 37 37 37 21 0 17 -21 -5 -27 -13 -3 -18 -10 -14 -21 4 -10 2 -13 -5 -8 -8 5 -10 2 -6 -9 5 -12 13 -9 45 19 64 59 138 60 219 5 l45 -31 -37 35 c-54 53 -160 73 -201 38 -11 -9 -17 -9 -22 -1 -9 15 -7 16 35 28 64 18 169 14 216 -9z m-984 -51 c-8 -8 -9 -4 -5 13 4 13 8 18 11 10 2 -7 -1 -18 -6 -23z m1082 16 c3 -8 2 -12 -4 -9 -6 3 -10 10 -10 16 0 14 7 11 14 -7z m66 -24 c0 -5 -9 -10 -19 -10 -11 0 -23 5 -26 10 -4 6 5 10 19 10 14 0 26 -4 26 -10z m-1180 -10 c0 -5 -11 -10 -25 -10 -14 0 -25 5 -25 10 0 6 11 10 25 10 14 0 25 -4 25 -10z m590 3 c0 -5 -16 -8 -35 -9 -19 0 -35 3 -35 8 0 4 16 8 35 8 19 0 35 -3 35 -7z m648 -14 c16 -24 12 -32 -12 -23 -9 3 -16 15 -16 25 0 25 12 24 28 -2z m-1318 -8 c0 -22 -20 -40 -21 -19 0 7 -4 4 -9 -7 -5 -11 -9 -14 -9 -7 -1 19 18 52 29 52 6 0 10 -9 10 -19z m590 -5 c0 -14 -20 -36 -33 -36 -4 0 -5 5 -2 10 4 6 1 18 -7 27 -9 12 -9 15 0 9 6 -4 12 -3 12 3 0 6 7 8 15 5 8 -4 15 -12 15 -18z m155 1 c-7 -31 -16 -39 -31 -26 -23 19 -17 44 10 44 17 0 23 -5 21 -18z m485 -18 c0 -11 -4 -17 -10 -14 -5 3 -10 13 -10 21 0 8 5 14 10 14 6 0 10 -9 10 -21z m35 11 c-3 -5 -12 -10 -18 -10 -7 0 -6 4 3 10 19 12 23 12 15 0z m-1187 -27 c-5 -7 -14 -10 -19 -7 -16 10 -9 23 10 21 15 -1 17 -4 9 -14z m593 -2 c7 12 9 11 9 -1 0 -13 1 -13 10 0 7 11 10 1 11 -35 1 -40 3 -45 9 -25 l8 25 1 -25 c2 -41 45 -123 83 -156 106 -93 280 -82 367 23 28 34 39 62 67 168 l8 30 4 -27 c3 -25 -8 -95 -24 -158 -6 -24 -6 -24 8 -6 12 16 12 2 -4 -80 -44 -236 -79 -333 -149 -408 -49 -54 -205 -175 -265 -206 -103 -52 -248 -46 -351 17 -182 109 -294 218 -334 323 -11 30 -36 119 -55 197 -19 78 -37 150 -41 160 -4 12 1 10 15 -7 l21 -25 -13 45 c-18 61 -28 160 -17 160 10 0 21 -24 21 -48 0 -28 49 -125 78 -155 48 -51 99 -71 182 -71 54 -1 86 4 113 18 75 37 130 113 143 197 6 34 12 44 36 53 15 6 28 17 28 26 1 11 3 11 11 -4 9 -15 13 -16 20 -5z m613 -3 c-5 -8 -1 -9 11 -4 15 5 16 4 5 -9 -11 -14 -14 -13 -25 2 -14 19 -10 37 6 27 5 -3 6 -10 3 -16z m-674 2 c0 -5 -5 -10 -11 -10 -5 0 -7 5 -4 10 3 6 8 10 11 10 2 0 4 -4 4 -10z m827 -20 c17 -34 16 -105 -2 -166 -23 -78 -115 -227 -148 -238 -38 -14 -48 0 -39 54 7 39 12 46 49 64 49 24 68 60 59 108 -3 18 -7 39 -8 46 -1 8 -13 2 -32 -15 -17 -16 -25 -21 -18 -12 6 9 10 19 7 22 -3 4 -2 5 2 2 3 -3 13 4 21 16 11 17 16 18 29 7 14 -11 15 -9 9 19 -4 17 -3 34 3 37 11 7 23 -40 23 -90 0 -43 14 -44 22 -1 14 69 15 114 2 132 -12 17 -14 17 -39 0 -15 -9 -41 -39 -59 -66 -17 -27 -33 -47 -35 -45 -8 8 42 123 61 139 30 25 77 18 93 -13z m-1520 10 c17 -6 35 -21 41 -33 19 -37 53 -129 49 -133 -2 -2 -19 20 -38 48 -88 133 -138 103 -104 -64 12 -60 21 -44 19 35 0 39 1 75 3 79 9 18 29 -18 25 -45 -4 -27 -2 -29 17 -24 30 8 37 -11 12 -37 -12 -12 -21 -36 -21 -52 0 -33 24 -74 44 -74 22 0 66 -25 70 -40 19 -67 18 -79 -9 -86 -33 -8 -50 7 -119 110 -60 90 -76 135 -76 217 0 42 5 63 21 83 23 29 25 30 66 16z m89 -23 c2 -19 -11 -23 -21 -7 -3 6 0 10 7 10 10 0 9 3 -2 11 -12 8 -12 10 -1 7 8 -2 15 -12 17 -21z m1408 -39 c-3 -4 -9 -8 -15 -8 -5 0 -9 4 -9 8 0 5 7 9 15 9 8 0 12 -4 9 -9z m-1439 -125 c-14 -37 -17 -71 -6 -77 6 -4 11 -12 11 -19 0 -25 -31 21 -35 52 -5 40 3 61 22 61 10 0 13 -6 8 -17z m1314 -15 c6 -15 4 -33 -6 -51 -19 -38 -22 -32 -16 26 6 53 10 57 22 25z m55 7 c6 -18 -12 -75 -25 -75 -6 0 -6 7 0 18 5 9 7 30 4 45 -6 28 11 38 21 12z m-1321 -75 l7 -35 -20 25 c-21 27 -24 39 -13 66 6 16 7 16 13 -2 4 -10 10 -35 13 -54z m1057 50 c-8 -5 -19 -10 -25 -10 -5 0 -3 5 5 10 8 5 20 10 25 10 6 0 3 -5 -5 -10z m-2 -516 c0 -18 -3 -22 -9 -13 -8 12 -11 10 -8 -7 0 -3 -7 -16 -15 -30 -9 -13 -12 -24 -8 -24 16 0 1 -48 -21 -67 -11 -10 -17 -13 -14 -7 4 7 1 14 -7 17 -20 8 -98 -65 -87 -82 10 -16 32 -6 25 12 -2 7 9 26 26 42 38 36 40 22 3 -19 -23 -25 -24 -27 -4 -11 13 11 22 15 20 9 -7 -18 -129 -127 -136 -121 -3 4 -25 -8 -49 -25 -24 -17 -42 -33 -39 -36 2 -3 20 7 39 21 30 24 35 25 41 10 3 -10 3 -14 -1 -11 -8 9 -74 -40 -74 -55 0 -6 11 0 25 13 14 13 25 20 25 16 0 -4 9 -2 20 4 11 6 20 16 18 23 -1 7 42 54 95 106 101 98 126 107 57 20 -22 -28 -40 -56 -40 -62 0 -7 10 0 21 15 57 77 54 77 56 3 l1 -66 -61 -66 c-34 -36 -89 -85 -123 -109 -55 -39 -67 -54 -108 -138 -74 -149 -87 -150 -152 -11 -41 88 -48 98 -102 132 -79 52 -173 134 -204 180 -24 34 -26 47 -25 123 0 47 -3 91 -7 98 -4 7 -2 12 5 12 9 0 9 4 -1 15 -6 8 -9 18 -6 23 3 5 -3 20 -14 32 -27 31 -11 47 24 25 14 -10 24 -20 22 -24 -2 -3 14 -15 36 -26 35 -17 39 -22 34 -47 -6 -30 0 -34 24 -18 10 6 11 10 3 10 -7 0 -13 5 -13 11 0 8 5 8 15 -1 8 -7 12 -16 10 -21 -3 -4 3 -8 12 -8 38 -1 52 -5 48 -11 -2 -4 15 -13 38 -21 l42 -14 -40 -5 c-22 -3 -43 -1 -46 4 -4 5 -12 5 -19 1 -16 -10 0 -24 32 -27 15 -1 25 -4 23 -6 -2 -3 6 -13 18 -24 22 -18 21 -18 -13 0 -42 23 -75 26 -59 5 6 -7 15 -11 19 -8 4 3 10 -4 13 -15 5 -20 4 -20 -24 1 -17 12 -28 26 -26 33 3 6 -7 23 -21 39 -14 15 -20 27 -13 27 7 0 10 4 6 10 -3 5 -12 7 -19 4 -7 -3 -19 2 -26 11 -7 8 -9 15 -4 15 5 0 -6 8 -24 17 -21 10 -29 19 -22 23 7 4 8 10 3 13 -5 3 -15 2 -21 -2 -20 -12 92 -145 178 -214 22 -17 27 -25 15 -21 -18 5 -18 4 -4 -8 9 -7 27 -35 39 -61 12 -26 26 -50 31 -53 14 -8 11 4 -7 32 -19 28 -12 43 11 24 8 -7 15 -8 15 -3 0 5 -13 17 -30 26 -39 23 -39 42 0 22 45 -23 50 -17 6 8 -21 12 -37 25 -35 28 2 3 -2 13 -10 22 -10 12 4 9 46 -10 33 -16 54 -29 47 -31 -7 -2 -27 4 -44 13 -18 9 -34 15 -36 12 -8 -7 91 -48 136 -55 25 -5 65 -4 89 0 49 9 118 47 102 57 -6 4 5 19 25 35 29 23 33 24 22 7 -7 -12 -15 -21 -18 -21 -3 0 -6 -10 -7 -22 -2 -21 -1 -21 24 4 50 51 22 127 -34 91 -13 -9 -23 -11 -23 -7 0 5 -8 -2 -18 -16 -9 -14 -24 -26 -32 -27 -8 -1 -25 -4 -38 -7 -14 -3 -20 -1 -16 6 4 6 -1 8 -16 3 -21 -7 -22 -7 -3 13 10 10 20 19 23 19 18 -1 87 17 98 26 6 5 12 6 12 2 0 -3 12 3 26 14 15 11 31 18 37 14 6 -3 7 -1 3 5 -4 7 -1 12 9 12 9 0 14 4 10 9 -3 5 4 12 15 16 11 4 17 11 14 17 -4 7 -2 8 4 4 6 -4 20 1 30 11 10 10 27 25 37 33 18 14 19 14 7 -2 -19 -24 2 -31 23 -8 10 11 15 20 10 20 -4 0 -2 6 4 13 6 8 7 18 3 22 -4 5 -1 5 6 1 6 -4 12 -2 12 3 0 6 2 11 4 11 2 0 4 -12 4 -26z m4 -101 c-6 -2 -10 -9 -7 -13 3 -5 1 -11 -4 -14 -7 -5 -8 11 -2 32 1 1 7 2 14 1 9 0 9 -2 -1 -6z m-893 -82 l-22 -30 33 -67 c42 -85 149 -196 246 -253 64 -38 74 -48 97 -99 14 -31 36 -72 47 -89 12 -18 18 -33 13 -33 -26 0 -148 49 -157 63 -7 12 -7 26 1 47 10 27 10 30 -3 20 -9 -8 -14 -9 -14 -2 0 18 33 31 52 21 28 -15 22 6 -8 30 -20 16 -30 18 -46 10 -26 -14 -67 -81 -113 -184 -21 -47 -41 -85 -44 -85 -3 0 -14 17 -23 38 -9 20 -40 85 -68 143 -28 59 -61 137 -74 174 l-24 68 22 61 21 61 6 -45 7 -45 -1 55 c-1 88 12 147 41 177 22 23 27 25 30 11 2 -9 -7 -31 -19 -47z m959 -1 c6 -15 8 -74 6 -131 -3 -79 -2 -97 6 -74 6 17 8 53 5 80 l-5 50 21 -58 21 -57 -83 -143 c-45 -78 -88 -153 -95 -165 -12 -23 -13 -22 -40 38 -24 54 -54 90 -75 90 -29 0 -116 -114 -107 -140 2 -5 27 9 56 31 29 23 51 43 48 46 -3 3 -23 -9 -46 -27 -50 -40 -52 -33 -3 14 34 32 39 34 53 20 13 -14 11 -18 -19 -42 -19 -15 -44 -35 -55 -45 -21 -18 -21 -18 4 -6 14 6 39 22 57 35 24 18 32 20 36 10 9 -22 -184 -108 -202 -91 -2 3 5 15 17 28 11 12 32 49 47 83 23 54 36 68 107 120 82 60 148 131 194 210 30 51 35 121 10 139 -9 7 -16 20 -16 29 0 15 2 15 24 1 14 -9 29 -29 34 -45z m370 -1 c65 -23 263 -94 442 -159 179 -64 390 -138 470 -164 80 -25 151 -50 158 -55 16 -10 -8 -60 -116 -246 -69 -117 -71 -120 -104 -118 -121 7 -148 5 -216 -16 -94 -28 -113 -53 -85 -108 10 -21 28 -43 40 -49 20 -10 15 -14 -58 -50 -102 -49 -122 -83 -80 -135 18 -23 18 -23 -5 -42 -28 -22 -32 -71 -8 -98 12 -14 13 -22 5 -38 -16 -29 -4 -68 29 -91 l28 -20 -54 -91 c-31 -50 -58 -98 -61 -107 -13 -39 37 27 84 109 27 47 54 84 60 82 6 -2 -18 -53 -57 -119 -38 -64 -71 -121 -73 -127 -3 -9 -7 -9 -18 0 -8 6 -94 40 -192 76 -98 36 -181 68 -185 71 -3 4 13 134 37 289 23 155 45 299 48 319 4 28 12 39 32 48 31 12 61 57 61 90 0 25 -67 90 -93 90 -27 0 -74 -27 -91 -52 -23 -33 -20 -85 7 -112 19 -19 21 -28 15 -59 -24 -115 -88 -514 -88 -547 0 -22 -2 -40 -4 -40 -2 0 -75 27 -162 61 -88 33 -181 68 -208 77 -30 11 -52 25 -59 39 -5 12 -14 20 -18 17 -5 -3 -9 0 -9 5 0 6 -5 11 -11 11 -6 0 -17 7 -25 15 -18 18 -2 20 29 3 29 -15 47 -34 40 -42 -14 -14 64 -33 119 -29 46 4 63 11 87 35 74 73 16 130 -215 214 -78 28 -108 35 -141 30 -24 -3 -43 -4 -43 -2 0 2 38 72 85 156 47 84 78 147 70 140 -8 -6 -52 -79 -97 -160 -49 -88 -90 -150 -101 -153 -14 -4 -17 -1 -12 10 7 21 108 196 250 438 61 105 155 269 209 365 117 208 159 280 164 280 2 0 56 -19 120 -41z m-518 21 c0 -5 -5 -10 -11 -10 -5 0 -7 5 -4 10 3 6 8 10 11 10 2 0 4 -4 4 -10z m-765 -30 c-3 -5 -1 -12 5 -15 7 -4 7 -11 2 -18 -5 -7 -8 -20 -7 -29 2 -10 -2 -21 -8 -25 -7 -3 -9 -3 -5 2 4 4 4 13 -1 19 -20 24 -11 93 10 80 5 -3 7 -9 4 -14z m145 5 c7 -9 8 -15 2 -15 -5 0 -12 7 -16 15 -3 8 -4 15 -2 15 2 0 9 -7 16 -15z m484 -12 c-10 -7 -21 -13 -26 -13 -4 0 -8 -6 -8 -13 0 -7 -9 -18 -20 -25 -12 -7 -18 -16 -15 -21 7 -12 -17 -30 -54 -41 -42 -12 -39 -4 5 15 19 8 33 19 30 24 -4 5 6 19 21 30 23 16 24 20 10 21 -10 0 -15 5 -12 10 4 6 11 8 16 5 5 -4 9 -1 9 4 0 6 7 11 15 11 8 0 15 4 15 10 0 5 7 7 16 3 15 -6 15 -8 -2 -20z m226 2 c5 3 7 -11 4 -32 -2 -21 -9 -40 -14 -41 -6 -2 -7 -9 -4 -14 4 -6 2 -8 -3 -5 -6 4 -9 23 -7 44 2 20 -2 44 -9 52 -9 12 -9 13 1 7 7 -4 12 -2 13 6 1 7 3 5 6 -5 2 -9 8 -15 13 -12z m-517 -5 c-10 -9 -29 -16 -43 -17 -15 0 -18 1 -7 4 9 2 14 9 11 15 -4 6 -2 8 4 4 6 -3 13 -3 16 2 3 5 12 9 21 9 13 0 12 -3 -2 -17z m87 0 c0 -5 -2 -10 -4 -10 -3 0 -8 5 -11 10 -3 6 -1 10 4 10 6 0 11 -4 11 -10z m-10 -26 c0 -2 -18 -4 -40 -4 -22 0 -40 3 -40 8 0 4 18 6 40 4 22 -2 40 -6 40 -8z m-102 -25 c-8 -6 -1 -9 22 -9 19 0 42 -5 50 -10 21 -14 -45 -13 -71 0 -23 13 -26 42 -3 33 13 -5 13 -7 2 -14z m217 1 c-3 -5 -11 -10 -16 -10 -6 0 -7 5 -4 10 3 6 11 10 16 10 6 0 7 -4 4 -10z m-98 -6 c-3 -3 -12 -4 -19 -1 -8 3 -5 6 6 6 11 1 17 -2 13 -5z m44 -14 c-13 -11 -33 -20 -45 -20 -17 0 -14 4 14 19 46 25 61 25 31 1z m-61 -36 c0 -2 -11 -4 -25 -4 -14 0 -25 4 -25 9 0 4 11 6 25 3 14 -2 25 -6 25 -8z m50 -4 c0 -5 -10 -10 -22 -10 -19 0 -20 2 -8 10 19 13 30 13 30 0z m550 -36 c0 -3 -4 -2 -10 1 -5 3 -10 0 -10 -7 0 -9 -3 -9 -10 2 -15 24 -12 32 10 20 11 -6 20 -13 20 -16z m-1210 -23 c-28 -54 -5 -233 66 -508 47 -183 49 -198 35 -188 -5 3 -31 0 -58 -6 -26 -6 -103 -13 -170 -14 -92 -3 -128 -7 -145 -19 -15 -11 -44 -16 -85 -16 l-63 0 0 78 c0 72 -12 167 -27 217 -6 18 -8 17 -19 -10 -17 -39 -17 -120 1 -215 8 -44 10 -79 4 -84 -12 -13 -11 -13 -42 76 -38 108 -139 328 -149 322 -4 -3 -3 -17 3 -32 83 -213 121 -327 144 -425 15 -65 25 -121 22 -123 -2 -3 -10 16 -16 41 -15 61 -52 157 -57 152 -3 -3 10 -58 29 -123 19 -66 45 -175 57 -244 13 -69 27 -129 32 -135 10 -11 3 139 -7 155 -3 5 3 18 15 30 18 18 25 14 21 -12 0 -5 4 -8 9 -8 6 0 10 -7 10 -16 0 -8 -4 -13 -8 -10 -5 3 -7 -7 -5 -22 1 -15 4 -89 6 -165 2 -84 8 -141 14 -145 7 -5 7 -11 -3 -19 -17 -17 -26 -3 -32 51 -5 49 -48 145 -68 153 -8 3 -11 9 -8 15 3 5 12 1 20 -9 11 -15 13 -16 14 -2 0 29 -23 129 -30 129 -4 0 -4 -19 0 -42 9 -45 5 -65 -5 -32 -37 116 -201 364 -241 364 -24 0 -7 -65 41 -155 36 -69 178 -277 222 -327 9 -10 16 -29 16 -43 0 -14 3 -25 7 -25 4 0 10 -14 12 -30 6 -42 -4 -37 -24 13 -19 45 -106 162 -115 154 -3 -3 13 -29 35 -59 55 -74 96 -148 87 -156 -4 -4 -10 -2 -12 5 -14 38 -131 188 -140 179 -3 -2 17 -33 44 -68 52 -66 83 -113 83 -123 0 -16 -49 11 -82 45 -32 31 -150 90 -182 90 -4 0 -19 9 -33 20 -14 11 -31 20 -37 20 -6 -1 0 -8 14 -16 l25 -15 -30 7 c-38 9 -88 7 -193 -8 -45 -6 -79 -15 -74 -20 4 -4 44 -3 87 3 83 11 176 1 242 -26 48 -20 40 -25 -14 -9 -25 8 -51 14 -57 14 -23 -1 22 -19 114 -45 141 -40 155 -50 67 -49 -40 1 -85 7 -102 14 -51 22 -203 25 -271 5 -98 -28 -131 -50 -158 -103 -14 -27 -31 -54 -40 -61 -8 -7 -13 -18 -10 -25 3 -7 -2 -19 -11 -26 -8 -7 -15 -20 -15 -28 0 -10 11 -3 33 20 99 109 348 207 452 180 l30 -8 -55 -27 c-30 -15 -75 -28 -100 -30 -95 -8 -222 -99 -321 -231 -45 -61 -35 -115 16 -82 13 9 79 67 147 129 101 93 201 167 225 167 3 0 -10 -17 -29 -38 -76 -84 -158 -232 -198 -356 -12 -37 -24 -65 -26 -63 -6 6 26 157 37 180 6 10 7 28 4 40 -5 16 -4 18 3 8 9 -12 11 -12 14 0 3 8 3 1 2 -16 -4 -33 -1 -28 33 63 13 35 19 61 13 57 -5 -3 -10 -12 -10 -18 -1 -7 -8 -25 -16 -42 -14 -30 -14 -23 1 24 4 15 3 21 -3 17 -5 -3 -13 -18 -17 -33 -3 -15 -13 -32 -20 -37 -32 -25 -76 -306 -47 -306 4 0 14 20 21 45 19 64 104 228 159 304 128 181 217 241 331 226 93 -12 120 -7 326 66 129 46 175 56 175 40 0 -6 -11 -11 -25 -11 -47 0 -115 -127 -149 -280 -34 -151 -40 -250 -27 -452 16 -262 49 -416 100 -462 26 -23 75 -18 80 9 3 17 1 18 -14 5 -15 -13 -19 -12 -35 7 -17 21 -16 24 15 90 17 37 40 89 50 115 10 27 22 48 26 48 5 0 9 -1 9 -2 0 -11 -46 -121 -70 -169 -17 -32 -26 -59 -20 -59 13 0 86 153 100 210 18 73 49 157 49 135 1 -11 -6 -45 -14 -75 -15 -57 -12 -81 4 -37 22 57 44 144 60 235 25 143 41 126 19 -20 -30 -201 -94 -399 -164 -503 -30 -47 -41 -55 -58 -50 -12 3 -57 12 -101 20 -364 63 -505 89 -587 112 -54 15 -59 19 -94 77 -54 90 -86 182 -69 196 10 8 16 1 28 -35 9 -25 12 -43 7 -40 -6 3 -7 -1 -4 -9 3 -9 10 -13 15 -10 5 3 7 -1 4 -8 -7 -18 91 -148 112 -148 14 0 13 3 -5 23 -12 13 -19 26 -16 30 4 4 0 9 -9 13 -20 7 -44 48 -81 136 l-29 68 33 61 c40 75 34 90 -8 17 -16 -29 -41 -64 -56 -77 -36 -33 -70 -18 -87 39 -15 51 -31 53 -17 3 18 -67 144 -301 155 -289 2 1 -22 50 -52 108 -48 91 -53 105 -35 101 19 -5 56 -70 46 -81 -7 -6 19 -55 57 -111 29 -43 29 -43 6 -36 -60 19 -75 35 -132 144 -54 102 -59 119 -64 192 -8 106 -24 113 -19 7 4 -87 20 -148 43 -161 7 -4 13 -12 13 -17 0 -5 13 -32 30 -60 32 -55 34 -60 22 -60 -5 0 -21 27 -37 60 -26 55 -55 94 -55 75 0 -4 14 -32 31 -63 20 -33 27 -53 18 -50 -8 2 -29 33 -48 67 -25 47 -34 79 -37 125 -2 41 0 56 6 46 13 -21 13 2 -1 37 -7 15 -11 40 -10 55 1 16 -4 28 -10 28 -9 0 -10 -24 -6 -87 l6 -88 -21 39 c-20 38 -20 44 -6 148 8 59 10 108 6 108 -17 0 -38 -193 -27 -260 4 -29 6 -57 3 -61 -5 -9 37 -99 47 -99 4 0 -1 25 -12 55 -30 85 -22 98 13 20 17 -38 35 -76 41 -83 18 -23 -1 -24 -44 -1 -94 47 -118 69 -139 126 -11 30 -18 58 -16 61 2 4 7 71 11 150 4 79 11 156 15 173 5 16 5 29 0 29 -5 0 -12 -17 -15 -37 -4 -21 -10 -47 -15 -58 -7 -15 -9 -9 -9 25 -1 39 19 126 43 195 l8 20 -17 -20 c-9 -11 -23 -45 -32 -75 -13 -46 -14 -77 -6 -215 10 -147 9 -190 0 -154 -2 8 -23 71 -46 140 -26 81 -41 144 -41 177 0 99 55 200 184 340 32 34 54 62 48 62 -5 0 -34 -26 -63 -57 -29 -32 -50 -53 -48 -48 25 61 58 130 143 295 58 115 125 265 162 365 71 192 138 350 189 441 37 66 95 124 123 124 10 0 28 7 40 16 21 14 23 14 32 -13 36 -96 44 -114 53 -120 11 -7 4 20 -29 102 l-24 60 22 17 c13 9 61 31 108 49 47 17 135 56 195 86 97 49 141 73 260 145 37 22 38 22 25 -1z m40 -122 c0 -10 4 -19 8 -19 13 0 13 -52 0 -67 -9 -11 -13 -11 -19 -1 -13 19 -11 121 1 113 6 -3 10 -15 10 -26z m50 -217 c7 -34 11 -65 8 -67 -5 -5 -48 161 -48 180 1 21 27 -54 40 -113z m272 53 c-2 -14 -8 -28 -13 -30 -9 -6 -4 28 6 45 10 16 13 11 7 -15z m-212 -122 c-1 -10 -36 -53 -44 -53 -3 0 -6 7 -6 16 0 8 5 12 10 9 14 -8 12 10 -5 75 -8 30 -15 57 -15 60 0 3 14 -18 30 -47 17 -29 30 -56 30 -60z m185 -3 c-14 -27 -28 -50 -30 -50 -7 0 24 73 36 85 16 16 10 28 -8 14 -15 -13 -15 -12 -3 10 11 21 14 22 22 8 6 -12 1 -31 -17 -67z m595 54 c6 -14 7 -31 3 -37 -7 -12 -21 16 -22 46 -1 25 8 21 19 -9z m47 -9 c0 -20 -4 -19 -17 5 -8 15 -8 18 3 14 8 -3 14 -11 14 -19z m-70 -26 c7 -18 10 -36 6 -42 -3 -5 -12 8 -19 29 -16 46 -16 44 -6 44 4 0 13 -14 19 -31z m-509 14 c-3 -5 -13 -27 -23 -50 -18 -42 -29 -52 -39 -34 -8 13 37 91 52 91 8 0 12 -3 10 -7z m483 -38 c21 -56 7 -80 -54 -95 -23 -6 -49 -13 -58 -16 -22 -6 -43 102 -21 111 22 8 32 6 32 -7 0 -29 22 -88 30 -83 5 3 3 26 -5 52 -11 37 -12 49 -2 55 21 14 27 9 38 -37 12 -46 29 -70 29 -40 0 8 -7 32 -15 51 -14 34 -13 54 3 54 4 0 14 -20 23 -45z m-441 21 c0 -13 -34 -96 -38 -96 -4 0 -13 4 -20 9 -18 11 25 102 45 94 7 -3 13 -6 13 -7z m38 -14 c10 -7 10 -20 2 -60 -10 -46 -13 -50 -33 -43 -12 5 -22 10 -21 12 2 23 28 99 33 99 3 0 12 -4 19 -8z m127 -79 c0 -52 -1 -54 -25 -51 -24 3 -25 6 -22 56 1 31 -2 52 -8 52 -5 0 -10 -22 -10 -50 0 -43 -3 -50 -19 -50 -28 0 -31 10 -25 67 l6 49 52 -9 51 -9 0 -55z m-380 -33 c12 -14 35 -44 50 -67 29 -45 29 -45 -10 -89 -7 -8 -30 16 -77 79 -60 80 -76 107 -64 107 2 0 32 -40 66 -90 35 -49 65 -88 68 -86 5 5 -41 77 -91 144 -22 29 -37 55 -33 59 7 8 0 17 75 -94 35 -51 65 -93 67 -93 12 0 -2 25 -62 109 -43 62 -63 99 -59 110 5 12 11 6 27 -24 11 -22 30 -51 43 -65z m502 48 c8 -47 7 -54 -11 -61 -25 -10 -28 -6 -33 45 -4 51 1 68 21 68 10 0 17 -17 23 -52z m-59 -13 c2 -53 1 -55 -23 -55 -24 0 -25 3 -25 55 0 51 2 55 23 55 21 0 23 -5 25 -55z m-378 38 c0 -5 -15 -16 -33 -26 l-32 -17 30 25 c33 27 35 28 35 18z m-738 -145 c2 -42 1 -75 -3 -72 -10 6 -19 151 -11 171 6 16 7 16 9 -2 1 -11 4 -54 5 -97z m762 63 c24 -34 26 -42 14 -60 -7 -12 -15 -21 -18 -21 -8 0 -63 90 -58 96 3 2 17 -14 32 -37 15 -22 30 -38 33 -35 3 3 -6 23 -21 44 -25 37 -35 69 -18 58 5 -3 21 -23 36 -45z m63 -5 c-7 -20 -24 -15 -45 14 l-23 30 36 -17 c19 -9 34 -21 32 -27z m1228 14 c3 -5 -3 -18 -15 -30 -22 -22 -35 -27 -24 -8 4 7 -6 2 -23 -10 -17 -12 -34 -22 -37 -22 -13 0 -5 44 11 62 17 19 77 25 88 8z m-1490 -19 c-3 -5 4 -12 15 -16 11 -3 20 -10 20 -14 0 -4 22 -38 50 -74 27 -36 46 -68 42 -71 -9 -5 -70 72 -95 121 -9 17 -23 33 -32 37 -14 5 -13 26 1 26 3 0 3 -4 -1 -9z m343 -11 c35 -11 75 -20 88 -20 23 0 22 -2 -20 -60 -25 -34 -49 -60 -53 -59 -4 1 -29 29 -55 62 -39 51 -44 63 -35 79 7 10 12 18 12 18 0 0 29 -9 63 -20z m367 -32 c-19 -29 -36 -57 -38 -63 -3 -5 -14 2 -26 18 -13 15 -29 34 -37 41 -12 13 -7 16 38 26 29 6 60 15 68 20 30 19 28 9 -5 -42z m775 7 c-7 -9 -23 -21 -34 -27 -16 -8 -14 -3 8 21 29 31 51 36 26 6z m-1046 -75 c-30 -44 -52 -80 -47 -80 6 0 81 100 115 153 4 6 9 9 13 6 3 -3 -20 -43 -50 -88 -30 -45 -55 -87 -55 -93 0 -6 -9 -3 -20 7 -12 10 -19 24 -16 31 9 23 100 144 108 144 5 0 -17 -36 -48 -80z m176 25 l42 -55 -46 -54 c-48 -57 -61 -83 -25 -50 16 14 13 5 -11 -36 -41 -67 -39 -65 -46 -57 -3 3 4 19 17 36 12 17 20 33 17 37 -4 3 -17 -13 -30 -35 -25 -44 -42 -51 -57 -23 -7 13 7 39 65 119 76 105 89 130 54 98 -21 -19 -28 -7 -8 13 6 6 9 14 6 17 -3 3 -35 -34 -70 -82 -76 -104 -82 -113 -71 -113 4 0 32 34 62 76 29 41 56 73 59 70 3 -4 -75 -119 -109 -159 -3 -5 -17 6 -29 23 l-22 31 66 100 c36 54 72 99 80 99 7 0 33 -25 56 -55z m830 51 c0 -2 -8 -10 -17 -17 -16 -13 -17 -12 -4 4 13 16 21 21 21 13z m-2463 -21 c0 -8 -4 -15 -9 -15 -10 0 -11 14 -1 23 9 10 10 9 10 -8z m3224 -1 c46 -8 91 -22 100 -30 9 -8 21 -45 28 -82 6 -37 14 -78 18 -92 4 -19 -10 -8 -60 44 l-65 69 -117 -6 c-118 -6 -158 1 -169 29 -3 8 -1 14 5 14 6 0 9 7 6 15 -8 19 63 41 74 23 16 -26 -32 -61 -60 -43 -6 3 -11 2 -11 -4 0 -28 82 -18 93 11 2 7 0 23 -4 35 -7 19 -4 22 19 26 50 8 60 7 143 -9z m-1909 -60 l48 -65 -41 -58 -41 -59 -50 65 c-27 36 -48 68 -46 72 9 19 74 111 78 110 3 0 26 -30 52 -65z m1158 39 c9 9 9 7 -1 -10 -7 -12 -21 -24 -31 -26 -10 -3 -16 -1 -12 4 3 5 -1 9 -8 10 -10 0 -10 2 0 6 6 2 9 9 6 15 -4 6 1 6 13 -1 14 -7 23 -7 33 2z m-2498 -36 c-7 -8 -8 -18 -4 -22 4 -5 1 -5 -6 -1 -9 5 -9 12 -1 27 6 12 13 18 16 15 3 -3 1 -12 -5 -19z m1073 -6 c-6 -5 -25 10 -25 20 0 5 6 4 14 -3 8 -7 12 -15 11 -17z m66 -107 c-20 -39 -24 -36 -26 19 -1 23 -7 54 -14 67 -8 17 -1 13 22 -14 35 -39 35 -40 18 -72z m599 92 c0 -2 -8 -10 -17 -17 -16 -13 -17 -12 -4 4 13 16 21 21 21 13z m725 -5 c-3 -5 -12 -56 -20 -113 -8 -57 -22 -146 -30 -198 -26 -158 -45 -303 -45 -339 0 -22 -3 -32 -10 -25 -10 10 11 182 60 488 16 104 30 191 30 192 0 2 5 4 11 4 5 0 8 -4 4 -9z m-1381 -37 c3 -8 2 -12 -4 -9 -6 3 -10 10 -10 16 0 14 7 11 14 -7z m-26 -51 c11 -59 56 -390 67 -498 6 -53 4 -63 -14 -79 -17 -15 -24 -16 -54 -5 -30 11 -40 9 -89 -13 -47 -22 -57 -23 -73 -12 -28 21 -83 17 -162 -10 l-70 -24 -7 76 c-3 41 -5 105 -5 141 l2 66 8 -70 c24 -184 28 -187 21 -15 -4 96 -6 236 -5 310 1 74 -1 128 -6 120 -24 -44 -44 -488 -27 -587 7 -39 6 -44 -16 -52 -71 -26 -64 -35 -78 107 -7 71 -11 135 -8 143 3 8 12 -49 21 -126 l16 -140 -5 120 c-2 66 -13 188 -24 270 -11 83 -23 179 -27 213 l-6 64 46 -7 c36 -6 61 -2 111 16 36 13 67 21 70 18 3 -2 0 -25 -5 -49 -14 -60 -15 -239 -2 -270 l10 -24 14 24 c10 18 14 64 14 167 l0 141 46 4 47 3 -4 -30 c-10 -73 -20 -366 -14 -425 6 -54 7 -41 10 75 l3 140 8 -85 c22 -218 30 -284 34 -289 13 -13 14 15 4 110 -6 57 -14 195 -17 307 l-7 202 28 0 c22 0 27 -5 27 -23 0 -37 31 -210 41 -227 12 -22 11 -4 -6 102 -8 51 -17 107 -20 123 -4 21 -2 26 5 15 5 -8 15 -54 21 -102 7 -49 16 -88 19 -88 8 0 -7 131 -20 178 -6 25 -5 32 6 32 8 0 14 -3 14 -7 0 -17 71 -509 74 -518 18 -45 -14 250 -49 444 -12 67 -12 87 -2 93 21 13 24 9 35 -49z m210 -48 l29 -40 -37 -57 -37 -56 -46 64 c-26 36 -47 68 -47 73 0 5 15 32 33 60 l32 51 22 -28 c13 -15 36 -45 51 -67z m1997 77 c37 -32 182 -197 188 -214 7 -19 -16 -82 -33 -93 -7 -4 -5 -14 5 -28 21 -31 19 -58 -10 -97 -14 -19 -25 -46 -25 -60 0 -14 -6 -34 -14 -45 -39 -58 -155 -288 -149 -297 4 -7 15 0 30 18 l23 29 -3 -47 c-5 -60 -27 -92 -79 -119 -76 -39 -178 -5 -178 59 0 17 -4 22 -14 19 -9 -4 -16 3 -19 19 -5 29 3 37 21 18 7 -8 9 -14 5 -14 -4 0 -2 -5 5 -12 7 -7 12 -19 12 -28 0 -9 7 -25 16 -36 10 -12 14 -14 11 -4 -19 65 -19 66 -3 46 11 -13 16 -15 16 -6 0 21 12 4 21 -32 l8 -33 -3 33 c-1 17 1 32 6 32 4 0 8 -10 8 -22 0 -13 5 -30 11 -38 8 -11 9 -6 6 21 -5 30 -2 38 16 47 21 10 21 11 -6 11 -64 2 -138 59 -153 117 -7 28 13 111 29 121 6 3 7 1 3 -5 -11 -19 -9 -108 3 -131 6 -11 20 -25 31 -31 17 -9 16 -5 -6 27 -22 32 -25 46 -22 91 4 44 10 58 38 85 24 23 31 26 25 12 -4 -11 -9 -38 -11 -60 -1 -22 0 -29 2 -15 11 55 36 119 48 123 9 4 16 -6 20 -32 3 -21 16 -46 28 -57 21 -19 21 -19 13 1 -4 11 -10 31 -13 45 l-5 25 27 -24 c14 -14 28 -22 31 -19 3 2 -6 15 -20 28 -34 32 -31 44 6 25 60 -32 48 -9 -21 38 -56 37 -87 50 -148 63 -42 8 -95 20 -117 26 l-40 12 35 5 c29 5 36 11 38 35 l4 28 96 -7 c82 -6 107 -12 166 -42 49 -24 74 -32 87 -26 15 7 8 17 -50 65 -38 31 -79 58 -92 60 -23 2 -216 -11 -251 -18 -10 -1 -20 1 -23 7 -4 5 2 9 12 9 27 0 43 20 43 52 0 30 13 35 182 73 75 17 78 17 105 -3 15 -11 39 -32 53 -47 14 -15 37 -36 53 -47 l27 -19 -3 22 c-4 24 -113 129 -134 129 -7 0 -13 5 -13 10 0 13 -57 5 -178 -26 -51 -13 -105 -24 -120 -24 l-27 0 33 20 c39 24 47 41 33 68 -9 18 -6 22 32 37 32 13 175 50 247 63 3 1 14 -6 25 -16z m-1787 -99 c42 -52 42 -53 17 -53 -30 0 -76 -22 -94 -44 -12 -14 -18 -10 -47 31 l-33 46 41 60 41 61 16 -24 c9 -14 35 -48 59 -77z m-995 40 c9 -33 18 -113 13 -113 -5 0 -15 33 -30 103 -7 29 9 38 17 10z m279 -161 c-3 -40 -9 -75 -13 -78 -11 -6 -12 85 -2 181 l7 70 6 -50 c4 -27 4 -83 2 -123z m-283 13 c22 -104 25 -133 15 -122 -5 5 -54 230 -53 247 0 24 21 -44 38 -125z m2471 113 c0 -26 -49 -65 -64 -51 -13 14 -5 41 17 51 30 15 47 14 47 0z m-2671 -124 c27 -40 54 -89 61 -109 7 -20 15 -34 18 -31 3 4 18 -13 33 -36 16 -23 26 -44 24 -47 -3 -2 -6 -2 -7 0 -2 2 -11 18 -20 34 -9 17 -21 30 -27 30 -13 0 -35 30 -73 99 -15 28 -28 47 -28 43 0 -5 5 -17 10 -28 6 -10 8 -19 5 -19 -6 0 -75 142 -75 155 0 16 33 -21 79 -91z m1064 -65 c-21 -32 -40 -59 -43 -59 -4 0 -47 68 -58 92 -2 3 13 31 33 62 l37 55 35 -45 34 -46 -38 -59z m-193 120 c0 -5 -4 -9 -10 -9 -5 0 -10 7 -10 16 0 8 5 12 10 9 6 -3 10 -10 10 -16z m751 -15 c52 -19 101 -38 110 -41 11 -3 16 -16 15 -41 -1 -33 3 -39 34 -54 l35 -18 -35 0 c-20 0 -74 13 -120 30 -91 32 -140 36 -218 19 -39 -8 -62 -7 -106 4 -54 15 -69 11 -43 -11 14 -12 60 -23 194 -48 103 -18 122 -31 104 -70 -15 -35 -13 -54 3 -25 13 23 14 21 25 -41 11 -65 8 -98 -10 -98 -5 0 -9 13 -9 28 0 51 -35 68 -198 98 -51 9 -96 13 -99 10 -15 -15 22 -30 128 -51 78 -16 117 -29 126 -41 13 -18 19 -135 7 -147 -3 -3 -16 6 -28 19 -17 21 -43 30 -135 50 -63 13 -116 22 -118 21 -1 -2 3 -11 10 -20 7 -10 44 -23 87 -32 41 -8 85 -17 98 -20 59 -14 37 -121 -29 -144 -40 -14 -99 -14 -99 -1 0 6 15 10 34 10 27 0 66 20 66 33 0 1 -42 3 -92 4 -80 2 -91 1 -75 -11 16 -12 16 -14 1 -20 -8 -3 -29 -6 -45 -6 -16 0 -29 -4 -29 -10 0 -5 11 -10 25 -10 l25 0 -27 -31 c-53 -61 -140 -117 -199 -129 -50 -11 -62 -10 -110 9 -51 19 -84 19 -84 0 0 -5 -3 -8 -7 -8 -24 4 -36 -2 -26 -12 6 -6 22 -7 38 -3 20 5 23 9 13 15 -19 13 24 12 57 -1 27 -10 27 -11 -31 -40 -70 -35 -70 -35 -83 -11 -9 16 -8 18 12 14 20 -4 19 -3 -5 13 -14 10 -32 29 -38 43 -18 39 -30 137 -23 193 6 46 9 51 57 82 75 48 121 103 250 299 104 159 119 177 148 182 18 3 89 16 158 29 69 13 135 24 146 25 12 0 64 -15 115 -35z m-731 -12 c0 -5 -7 -17 -15 -28 -14 -19 -14 -19 -15 2 0 11 3 24 7 27 9 10 23 9 23 -1z m20 -27 c0 -14 -32 -66 -37 -61 -8 7 17 66 28 66 5 0 9 -2 9 -5z m1746 -17 c8 -13 -30 -48 -52 -48 -23 0 -16 40 9 50 30 12 35 12 43 -2z m-1726 -13 c0 -2 -9 -19 -20 -37 -22 -36 -27 -25 -8 17 10 21 28 35 28 20z m870 -10 c28 -15 38 -34 24 -48 -12 -12 -64 23 -64 43 0 24 3 24 40 5z m-850 -22 c0 -11 -62 -104 -67 -99 -6 5 50 106 60 106 4 0 7 -3 7 -7z m39 -55 l23 -26 -62 -92 c-34 -50 -64 -89 -67 -86 -4 3 1 14 10 24 19 20 23 37 7 27 -17 -10 -12 3 31 81 47 85 47 114 0 32 -17 -29 -32 -57 -35 -63 -2 -5 -6 -8 -9 -5 -4 3 10 38 31 77 20 40 39 69 42 65 3 -4 16 -19 29 -34z m545 20 c-3 -5 -12 -4 -20 3 -19 16 -18 18 6 12 11 -3 17 -9 14 -15z m-671 -23 c-7 -21 -12 -19 -10 4 0 11 5 18 9 15 4 -3 5 -11 1 -19z m2072 -5 c3 -5 2 -10 -4 -10 -5 0 -13 5 -16 10 -3 6 -2 10 4 10 5 0 13 -4 16 -10z m-1210 -16 l60 -14 -59 4 c-32 3 -64 10 -69 15 -14 14 -6 13 68 -5z m940 -3 c0 -19 -29 -36 -48 -28 -10 4 -14 13 -10 27 4 16 12 20 32 18 14 -2 26 -9 26 -17z m-856 -124 c12 -10 13 -9 7 1 -5 8 7 6 32 -7 22 -11 42 -17 46 -14 3 4 6 1 6 -6 0 -6 6 -11 13 -10 6 1 30 -6 52 -16 22 -10 46 -18 53 -16 10 2 10 -2 0 -18 -9 -15 -16 -17 -29 -10 -22 11 -39 12 -39 0 0 -8 70 -41 86 -41 4 0 1 7 -6 15 -10 12 -10 15 3 15 24 0 29 -138 6 -168 -12 -15 -20 -19 -24 -11 -4 6 -32 22 -62 35 -30 14 -80 41 -111 61 -32 20 -63 36 -70 36 -8 0 -9 4 -3 10 5 5 24 -1 47 -16 63 -40 142 -77 161 -77 10 1 -17 19 -59 40 -42 22 -80 44 -83 50 -4 6 34 -9 84 -35 50 -25 91 -41 91 -35 0 5 -42 30 -92 54 -51 24 -102 51 -113 60 -26 22 -18 19 97 -38 53 -26 103 -46 110 -43 7 3 -2 11 -22 18 -19 7 -73 32 -120 56 -46 24 -85 43 -86 43 -1 0 -5 -7 -8 -16 -4 -10 1 -22 11 -31 17 -13 17 -14 -2 -10 -12 2 -24 -5 -31 -16 -10 -17 -12 -18 -17 -3 -4 10 -3 15 3 11 7 -4 8 5 5 27 -4 18 -8 50 -10 70 -2 20 -8 45 -14 56 -10 19 -9 19 32 5 23 -8 48 -20 56 -26z m-109 -2 c16 -43 14 -100 -5 -133 -21 -34 -30 -39 -39 -19 -3 6 -3 2 -1 -10 4 -14 -9 -44 -41 -93 -44 -68 -47 -71 -60 -52 -17 25 -9 49 28 84 17 16 28 36 28 53 0 16 12 41 30 62 31 35 38 71 21 116 -9 22 -7 24 10 20 11 -3 24 -16 29 -28z m1056 11 c11 -1 25 -6 32 -10 7 -4 16 -5 21 -2 12 8 34 -21 26 -34 -8 -13 -25 -13 -25 1 0 5 5 7 12 3 6 -4 8 -3 5 3 -11 17 -69 9 -81 -10 -9 -14 -7 -21 8 -32 10 -8 23 -12 29 -8 6 3 7 1 3 -6 -4 -6 -12 -9 -17 -6 -11 8 -41 -20 -31 -29 3 -4 -1 -4 -10 -1 -10 4 -14 14 -11 28 4 19 3 20 -7 5 -6 -9 -17 -15 -24 -12 -8 3 -17 -6 -23 -23 -12 -31 -13 -73 -1 -73 4 0 6 -9 5 -20 -1 -20 -4 -22 -8 -5 -1 6 -10 16 -21 23 -16 12 -22 10 -49 -12 -17 -14 -27 -26 -23 -26 4 0 -1 -10 -12 -22 -12 -13 -13 -18 -4 -13 9 5 8 0 -4 -13 -11 -12 -27 -22 -38 -22 -10 0 -18 -5 -18 -11 0 -5 -8 -9 -17 -8 -10 1 -20 0 -23 -1 -9 -3 -45 -11 -67 -15 -29 -4 -30 9 -3 21 13 6 -22 8 -101 7 l-122 -1 -21 31 c-14 20 -20 43 -18 63 l4 32 50 -14 c28 -7 53 -15 56 -18 8 -9 -19 -7 -56 3 -17 5 -32 6 -32 1 0 -10 28 -16 117 -28 52 -7 61 -6 52 5 -6 7 -21 13 -33 13 -12 0 -39 15 -61 32 -22 18 -33 24 -25 13 14 -20 14 -20 -8 -1 -12 11 -20 21 -17 24 2 3 -1 14 -7 26 -10 18 -9 19 4 9 8 -7 27 -14 41 -15 14 -1 24 -5 21 -9 -2 -4 8 -10 24 -15 15 -4 29 -8 32 -9 3 -1 21 -8 40 -16 19 -9 49 -19 65 -23 29 -8 30 -8 8 -19 -24 -10 -32 -47 -11 -47 6 0 9 -2 7 -5 -3 -2 -32 2 -64 9 -91 21 -182 30 -170 17 6 -6 43 -13 83 -17 87 -8 86 -20 -1 -17 -55 2 -58 1 -27 -7 45 -13 180 -1 198 16 7 8 12 19 11 26 -4 34 0 39 24 26 12 -7 24 -13 27 -13 3 0 14 -6 26 -12 18 -11 25 -8 53 21 17 18 29 35 26 38 -3 3 1 11 10 18 8 7 15 19 15 26 0 8 3 14 8 14 8 0 44 58 48 78 1 7 10 25 20 40 10 15 17 31 16 36 -2 5 7 5 20 1 13 -4 32 -8 44 -9z m35 -69 c-8 -8 -11 -7 -11 2 0 11 -3 11 -17 0 -14 -12 -16 -12 -11 1 3 8 13 14 22 14 9 -1 16 3 17 10 0 6 3 5 6 -2 3 -8 0 -19 -6 -25z m-1901 -16 c0 -6 -4 -12 -8 -15 -5 -3 -9 1 -9 9 0 8 4 15 9 15 4 0 8 -4 8 -9z m2240 -39 c0 -10 8 -28 17 -42 18 -26 21 -25 -32 -4 -33 13 -12 -14 23 -30 60 -27 111 -77 119 -116 l6 -34 -39 39 c-22 22 -63 59 -91 82 l-52 43 17 40 c18 42 32 52 32 22z m-442 -28 c-7 -15 -14 -21 -16 -15 -2 7 2 18 8 26 18 22 21 18 8 -11z m-938 -54 c35 -19 25 -61 -39 -154 -32 -47 -61 -83 -64 -80 -7 7 85 154 94 148 4 -2 9 7 11 21 8 37 -13 17 -69 -69 -26 -39 -48 -73 -50 -75 -2 -3 -9 4 -17 14 -12 16 -8 27 31 92 25 41 47 72 50 69 3 -2 -14 -36 -37 -76 -24 -39 -40 -73 -37 -76 3 -3 24 26 47 65 24 41 47 68 53 64 6 -4 8 0 4 10 -3 9 -2 19 3 22 6 4 10 11 10 17 0 6 -7 5 -17 -3 -15 -13 -16 -11 -9 16 4 18 4 26 -2 20 -14 -16 -78 -117 -96 -153 -10 -19 -20 -31 -23 -28 -5 5 72 145 87 156 3 3 12 20 20 39 l14 35 8 -32 c5 -17 17 -36 28 -42z m395 50 c3 -5 1 -10 -5 -10 -6 0 -8 -4 -5 -10 3 -5 1 -10 -4 -10 -6 0 -11 9 -11 20 0 21 15 27 25 10z m-1380 -20 c-3 -5 -12 -10 -19 -10 -46 0 -58 -205 -18 -321 29 -85 84 -151 121 -147 18 2 27 10 29 26 2 12 8 22 13 22 6 0 8 4 4 9 -3 5 -1 12 5 16 5 3 10 -3 10 -15 0 -23 -26 -79 -38 -81 -4 -1 -19 -3 -34 -5 -15 -1 -59 -19 -98 -40 -39 -20 -73 -34 -77 -30 -9 8 -8 9 76 50 40 21 71 40 68 43 -3 3 -41 -13 -83 -36 -47 -24 -82 -37 -87 -32 -6 6 20 24 64 47 41 20 69 39 62 41 -6 2 -43 -12 -81 -31 -65 -33 -82 -36 -82 -14 0 5 35 25 77 45 42 20 72 38 66 40 -9 3 -102 -36 -155 -64 -10 -6 -47 117 -54 182 l-6 60 77 38 c43 21 75 40 72 43 -3 3 -37 -11 -77 -30 -51 -26 -70 -31 -66 -20 3 9 6 20 6 25 0 5 34 26 76 46 42 21 72 39 66 41 -7 2 -41 -12 -77 -31 -36 -19 -65 -30 -65 -23 0 19 14 32 50 46 45 17 102 51 97 57 -3 2 -33 -10 -67 -27 -96 -48 -66 -15 35 40 89 47 122 60 110 40z m1938 -18 c-3 -12 -9 -22 -14 -22 -12 0 -11 7 3 30 15 24 19 21 11 -8z m-889 -29 c5 -12 4 -13 -7 -5 -8 7 -16 10 -19 7 -2 -3 -5 1 -5 9 0 18 24 10 31 -11z m1278 -13 c16 0 75 -64 71 -77 -3 -8 -13 -2 -29 15 -23 26 -24 27 -39 8 -15 -19 -15 -19 -15 2 0 12 -8 30 -17 40 -16 15 -19 26 -14 50 1 4 9 -3 18 -15 8 -13 20 -23 25 -23z m-465 1 c0 -11 -4 -18 -8 -15 -4 2 -32 -46 -63 -108 -54 -110 -73 -132 -39 -46 21 54 96 188 105 188 4 0 6 -9 5 -19z m-2072 -11 c-3 -5 -12 -10 -18 -10 -7 0 -6 4 3 10 19 12 23 12 15 0z m-845 -4 c0 -4 -119 -64 -145 -74 -5 -2 1 6 15 17 14 11 20 21 14 21 -6 0 -19 -9 -30 -21 -10 -12 -32 -31 -48 -42 l-29 -21 19 33 c21 36 54 57 102 66 17 3 41 9 54 14 25 10 48 14 48 7z m2193 -16 c10 -10 9 -11 -3 -4 -8 5 -21 9 -28 10 -8 2 -17 5 -20 8 -3 4 4 5 16 3 12 -2 28 -9 35 -17z m1166 -112 c5 -31 7 -67 3 -80 -5 -20 -7 -18 -14 17 -4 22 -10 76 -12 120 -4 83 1 71 23 -57z m-659 112 c0 -5 -7 -10 -15 -10 -8 0 -15 5 -15 10 0 6 7 10 15 10 8 0 15 -4 15 -10z m263 -41 c-7 -7 -8 -19 -3 -33 5 -11 11 -37 15 -56 8 -47 52 -109 95 -132 35 -19 124 -22 161 -4 13 6 17 -1 22 -34 3 -23 8 -44 11 -47 13 -13 14 4 4 50 -9 42 -7 51 9 69 18 20 18 20 30 -33 11 -48 10 -55 -9 -82 -18 -25 -54 -47 -78 -47 -5 0 -12 20 -16 45 -3 25 -11 48 -17 52 -10 6 -3 -49 10 -84 4 -11 -1 -14 -23 -11 -26 3 -30 8 -38 51 -4 26 -12 47 -17 47 -8 0 -4 -44 7 -78 2 -8 -3 -12 -13 -10 -12 2 -21 19 -28 50 -5 25 -13 50 -17 54 -10 10 -10 -12 1 -58 8 -34 7 -36 -10 -25 -12 7 -19 24 -19 42 -1 16 -7 44 -15 60 -8 17 -13 21 -11 10 17 -78 17 -87 8 -81 -5 3 -13 27 -17 52 -3 26 -11 56 -16 68 -7 16 -8 11 -4 -17 4 -21 9 -46 12 -55 4 -12 3 -14 -5 -7 -13 12 -49 220 -44 254 3 17 7 20 15 12 8 -8 8 -14 0 -22z m344 -1 c-3 -8 -6 -5 -6 6 -1 11 2 17 5 13 3 -3 4 -12 1 -19z m113 -24 c58 -132 96 -363 85 -514 -5 -66 -3 -81 6 -66 19 30 16 279 -4 355 -10 35 -16 66 -14 68 2 2 19 -36 37 -84 40 -107 55 -127 46 -60 -8 68 -62 224 -92 270 -34 51 -25 57 16 10 68 -77 132 -262 133 -383 0 -55 -26 -180 -38 -180 -2 0 -2 33 1 73 4 47 2 67 -4 57 -5 -8 -12 -55 -15 -105 -5 -80 -23 -163 -33 -152 -2 2 3 36 12 76 22 107 10 98 -15 -11 -22 -94 -57 -186 -67 -175 -3 3 1 18 9 34 20 38 67 229 66 267 0 26 -2 28 -8 11 -5 -11 -14 -54 -22 -95 -12 -68 -14 -72 -19 -40 -6 32 -7 29 -25 -45 -30 -131 -94 -264 -162 -340 -43 -47 -117 -105 -136 -105 -11 0 -47 10 -79 22 -94 34 -136 106 -191 323 -48 193 -57 269 -47 396 9 112 34 276 50 325 8 25 9 23 5 -16 -2 -25 -9 -76 -14 -115 -5 -38 -9 -142 -8 -230 l1 -160 6 125 6 125 3 -95 c8 -242 22 -337 66 -450 26 -66 73 -145 81 -137 3 2 -4 20 -16 39 -26 46 -82 197 -77 212 2 6 10 -7 17 -29 23 -72 89 -192 116 -214 15 -12 40 -21 56 -21 32 0 68 16 68 29 0 9 -30 21 -64 25 -10 2 -22 10 -27 19 -5 9 -15 22 -22 29 -7 7 -21 30 -32 51 -29 55 -51 71 -29 21 50 -114 68 -137 109 -137 14 1 25 -3 25 -8 0 -17 -47 -9 -74 12 -15 12 -36 42 -48 68 -11 25 -27 61 -35 80 -8 18 -13 48 -10 65 5 29 -19 76 -38 76 -4 0 -3 -6 2 -12 6 -7 13 -26 16 -43 6 -29 6 -29 -11 5 -9 19 -19 37 -22 40 -3 3 -6 19 -7 35 -18 247 -21 325 -10 318 5 -3 6 -16 3 -29 -4 -14 -2 -24 4 -24 5 0 10 -11 10 -25 0 -24 24 -73 43 -86 5 -3 9 -10 9 -15 0 -5 3 -8 7 -7 4 1 8 -8 8 -20 2 -19 24 -43 80 -87 7 -6 17 -10 23 -10 5 0 10 -5 10 -10 0 -6 3 -9 8 -8 4 1 16 -3 27 -9 11 -6 22 -12 25 -14 3 -1 16 3 29 10 14 8 21 9 17 2 -17 -26 10 -6 71 54 36 36 70 65 74 65 8 0 5 -41 -6 -95 -3 -11 -9 -42 -14 -70 -6 -27 -12 -59 -15 -70 -7 -33 -49 -115 -59 -115 -5 0 -17 -10 -28 -23 -10 -12 -18 -17 -19 -10 0 6 5 15 10 18 6 4 8 11 5 16 -4 5 -1 9 6 9 7 0 9 3 6 7 -9 8 -46 -25 -43 -40 4 -29 17 -38 34 -25 15 11 15 11 5 -3 -7 -9 -9 -20 -5 -24 4 -5 1 -5 -5 -1 -8 4 -13 2 -13 -6 0 -9 -3 -9 -10 2 -8 13 -10 13 -10 -2 0 -30 -51 -60 -92 -55 -39 5 -61 -9 -37 -24 22 -14 78 -10 114 7 67 31 173 230 189 354 3 19 12 80 21 135 35 229 30 435 -15 562 -11 32 -20 61 -20 65 0 19 10 5 30 -38z m-2605 26 c-3 -5 -12 -10 -18 -10 -7 0 -6 4 3 10 19 12 23 12 15 0z m815 -15 c0 -12 -19 -12 -23 0 -4 9 -1 12 9 8 7 -3 14 -7 14 -8z m764 0 c18 -19 7 -58 -18 -63 -20 -4 -37 36 -24 61 11 21 22 22 42 2z m-558 -20 c7 -27 0 -40 -18 -40 -6 0 -13 -6 -16 -14 -3 -8 0 -11 7 -7 6 4 -3 -16 -21 -44 -17 -28 -36 -54 -42 -58 -6 -3 -3 6 7 21 23 35 21 48 -3 17 -32 -42 -35 -13 -3 33 48 67 48 76 0 24 -27 -30 -47 -45 -51 -38 -11 17 32 69 75 91 21 11 39 25 39 30 0 21 20 9 26 -15z m217 10 c-11 -30 -90 -145 -96 -139 -6 6 85 153 95 154 4 0 5 -7 1 -15z m-2433 -10 c-6 -8 -9 -19 -5 -25 3 -5 2 -10 -4 -10 -5 0 -13 -9 -16 -21 -4 -11 -9 -19 -11 -16 -5 5 21 68 32 80 13 13 17 7 4 -8z m1186 -10 c-24 -94 -9 -241 33 -323 l20 -40 -49 -30 -50 -31 1 27 c0 15 3 57 8 95 4 37 4 67 0 67 -7 0 -20 -97 -22 -167 -2 -61 -22 -62 -22 -2 0 27 3 49 7 49 5 0 8 24 8 53 0 79 51 327 67 327 3 0 2 -11 -1 -25z m1996 -15 c-8 -21 -9 -22 -16 -5 -4 11 -2 22 6 26 17 11 20 6 10 -21z m-2775 -26 c-31 -19 -57 -39 -57 -44 0 -4 -40 -41 -90 -81 -49 -40 -90 -75 -90 -79 0 -4 -12 -12 -26 -19 l-26 -11 29 32 c89 100 174 176 232 206 85 43 100 41 28 -4z m1565 -33 c-21 -27 -40 -43 -44 -38 -3 6 -17 -10 -29 -35 -22 -46 -22 -46 -39 -26 -15 20 -15 22 4 42 27 29 32 25 11 -11 l-17 -28 19 25 c10 13 37 51 61 83 35 47 46 56 57 47 12 -10 8 -20 -23 -59z m1978 60 c0 -5 3 -18 7 -28 6 -17 6 -17 -10 -1 -19 18 -22 38 -7 38 6 0 10 -4 10 -9z m-1870 -31 c-13 -25 -30 -26 -30 -2 0 14 -4 12 -21 -8 -42 -51 -110 -161 -107 -172 2 -6 28 26 57 71 30 44 57 81 62 81 14 0 12 -4 -47 -89 -30 -45 -54 -86 -52 -93 2 -6 23 18 46 53 60 91 69 102 81 94 7 -4 -10 -37 -44 -87 -30 -44 -55 -84 -55 -89 0 -20 -19 -7 -44 31 l-26 40 56 85 c32 47 61 85 66 85 5 0 6 5 3 10 -4 6 8 10 30 10 33 0 35 -2 25 -20z m316 -58 c-46 -70 -53 -55 -8 19 21 32 38 53 40 45 2 -7 -13 -36 -32 -64z m-471 58 c-3 -5 -12 -10 -18 -10 -7 0 -6 4 3 10 19 12 23 12 15 0z m372 -62 l50 -73 -51 -71 -51 -71 -49 70 c-48 68 -49 70 -32 96 9 14 29 47 44 73 15 27 30 48 33 48 4 0 29 -33 56 -72z m511 -130 c4 -49 4 -88 0 -88 -5 0 -8 8 -8 18 0 9 -11 40 -25 67 -25 52 -33 125 -14 125 7 0 9 9 5 24 -3 12 -3 26 1 30 11 11 33 -83 41 -176z m915 122 c3 -28 3 -60 -2 -72 -7 -18 -10 -15 -23 27 -12 36 -14 54 -6 71 17 36 25 29 31 -26z m-1312 -24 c-26 -41 -27 -60 -2 -27 l18 24 1 -52 c1 -35 -2 -50 -9 -45 -6 3 -9 17 -6 31 3 17 1 21 -6 14 -7 -7 -14 -5 -22 6 -10 13 -7 24 14 59 14 23 27 38 29 33 2 -5 -6 -24 -17 -43z m-546 34 c-3 -5 -12 -10 -18 -10 -7 0 -6 4 3 10 19 12 23 12 15 0z m1885 -156 c-49 -70 -88 -112 -139 -146 -25 -18 -40 -33 -33 -36 29 -9 133 86 189 174 10 16 11 14 6 -16 -11 -67 -100 -212 -152 -249 -34 -25 -41 -26 -41 -6 0 8 -14 17 -32 20 -37 7 -75 31 -65 41 4 4 14 1 23 -6 8 -8 25 -15 36 -15 24 -2 30 -7 -82 65 -76 48 -92 68 -32 39 42 -20 101 -36 90 -24 -5 5 -31 17 -60 27 -65 23 -74 32 -83 87 l-7 45 31 -27 c49 -41 131 -61 189 -47 80 19 154 97 167 177 l8 48 9 -52 c9 -49 8 -55 -22 -99z m-422 104 c2 -18 7 -35 13 -38 6 -4 4 -12 -6 -20 -8 -7 -15 -27 -15 -46 0 -18 -3 -35 -8 -38 -4 -2 -7 35 -6 82 2 98 1 92 12 92 4 0 9 -14 10 -32z m-1216 -23 c-3 -5 -30 -48 -60 -94 l-54 -84 -18 23 c-17 23 -17 24 25 79 23 31 50 70 60 88 18 31 20 31 36 15 9 -9 14 -21 11 -27z m-264 -12 l19 -26 -44 -64 -45 -63 -27 37 c-55 78 -60 90 -48 102 6 6 22 11 37 11 14 1 36 7 50 15 34 19 35 19 58 -12z m-232 -15 c-12 -20 -22 -23 -31 -8 -9 15 1 26 23 26 16 0 18 -3 8 -18z m54 -15 c-11 -16 -30 -39 -41 -53 -21 -25 -21 -24 0 13 25 45 26 54 6 37 -13 -11 -14 -10 -9 3 5 14 17 19 57 26 5 0 -1 -11 -13 -26z m760 -91 c0 -21 -13 -54 -38 -92 l-38 -60 -39 52 c-22 29 -44 58 -48 66 -6 8 8 37 40 83 l48 71 37 -44 c27 -30 37 -53 38 -76z m310 -167 c0 -177 -4 -285 -10 -285 -6 0 -10 73 -10 188 0 177 9 382 16 382 2 0 4 -128 4 -285z m-555 209 l47 -65 -53 -77 c-78 -115 -70 -112 -117 -39 -23 35 -42 66 -42 70 0 7 111 177 116 177 1 0 23 -29 49 -66z m-644 33 c-6 -8 -7 -18 -3 -22 4 -5 1 -4 -7 0 -11 6 -13 4 -8 -9 5 -13 3 -15 -12 -7 -10 6 -23 17 -30 25 -11 13 -9 15 10 11 12 -2 29 0 38 5 22 13 25 12 12 -3z m1823 -61 c1 -71 -11 -59 -20 19 -5 49 -4 58 6 48 8 -7 14 -36 14 -67z m-1638 -123 c-22 -35 -42 -63 -45 -63 -9 1 -81 109 -81 121 0 6 18 37 40 70 l41 59 43 -62 42 -63 -40 -62z m220 90 l36 -53 -42 -65 -42 -65 -50 72 c-27 39 -50 75 -51 79 -1 4 16 35 38 68 l40 60 17 -22 c10 -12 34 -46 54 -74z m823 -30 c0 -81 -4 -121 -9 -108 -15 35 -10 235 6 235 2 0 4 -57 3 -127z m-1671 32 c-3 -3 -9 2 -12 12 -6 14 -5 15 5 6 7 -7 10 -15 7 -18z m1688 -382 c-3 -7 -11 -13 -18 -13 -8 0 -9 3 -3 8 6 4 10 17 11 30 0 12 2 102 4 200 l5 177 2 -195 c2 -107 1 -200 -1 -207z m-1207 374 c-9 -7 -15 -18 -13 -25 1 -7 0 -8 -3 -2 -2 5 -9 8 -14 4 -5 -3 -9 -1 -9 4 0 5 10 14 23 20 29 14 35 14 16 -1z m-298 -39 c11 -21 11 -22 -4 -9 -10 7 -17 17 -17 22 0 15 9 10 21 -13z m198 -8 c-19 -18 -27 -35 -23 -42 4 -7 -1 -5 -12 4 -17 15 -21 15 -39 2 -11 -8 -20 -20 -21 -27 -5 -72 -32 -187 -43 -187 -9 0 -46 -63 -43 -73 3 -12 -19 -50 -25 -43 -4 3 -14 -15 -23 -42 -27 -76 -80 -186 -86 -179 -3 3 1 16 9 29 8 12 32 70 53 127 26 71 40 98 44 85 6 -16 7 -16 12 4 4 15 1 25 -12 32 -15 8 -22 -1 -51 -70 -18 -43 -37 -76 -42 -73 -6 3 -7 1 -3 -5 3 -6 -5 -22 -19 -36 -17 -17 -27 -22 -30 -13 -14 39 -26 115 -32 207 -6 97 -5 104 10 91 14 -11 18 -11 23 3 3 9 9 14 13 11 4 -2 23 4 42 14 19 10 51 24 72 30 20 7 35 16 32 21 -3 5 3 11 13 14 10 4 30 18 43 33 13 14 17 23 9 18 -13 -7 -13 -5 0 9 14 14 135 83 152 85 3 1 -7 -12 -23 -29z m819 -36 c23 -29 42 -55 42 -58 0 -4 -29 -49 -63 -101 l-64 -95 -47 70 -47 71 62 90 c34 49 65 86 69 82 3 -4 25 -31 48 -59z m-2414 40 c3 -8 2 -12 -4 -9 -6 3 -10 10 -10 16 0 14 7 11 14 -7z m3492 -26 c2 -13 6 -34 10 -48 5 -19 4 -22 -5 -14 -7 6 -13 23 -15 38 -1 14 -6 29 -9 33 -4 3 -7 13 -7 22 0 23 22 -3 26 -31z m-2115 8 c10 -13 31 -27 45 -30 26 -7 26 -7 8 -28 -11 -11 -37 -30 -59 -40 -22 -11 -53 -27 -70 -38 -40 -24 -75 -34 -75 -21 0 6 9 11 19 11 21 0 146 88 137 97 -3 3 -21 -6 -40 -21 -19 -14 -38 -26 -41 -26 -4 0 -13 -7 -22 -15 -8 -9 -18 -13 -21 -10 -8 8 52 61 91 82 18 9 27 18 20 20 -6 2 -41 -14 -78 -37 -67 -41 -91 -47 -60 -16 9 9 21 14 26 11 5 -4 9 0 10 7 0 10 72 74 88 77 2 1 12 -10 22 -23z m577 -62 l50 -71 -42 -66 c-22 -36 -44 -66 -47 -67 -4 0 -30 36 -58 79 l-52 79 43 65 c24 35 46 61 49 58 4 -3 29 -38 57 -77z m1913 19 c-10 -17 -10 -17 -11 2 0 11 4 31 8 45 l7 25 3 -27 c2 -15 -1 -35 -7 -45z m-911 -147 c1 -44 -3 -83 -9 -89 -8 -8 -11 -5 -11 11 -1 60 -1 226 1 255 3 50 18 -88 19 -177z m-411 131 c0 -67 -13 -105 -24 -75 -4 9 -1 26 5 38 6 12 9 24 7 27 -3 2 -10 -5 -17 -16 -6 -12 -15 -19 -20 -16 -8 5 35 105 45 105 2 0 4 -28 4 -63z m1041 -19 c0 -10 -10 -5 -52 24 -16 11 -28 26 -28 34 0 10 13 5 40 -17 22 -18 40 -36 40 -41z m-1850 32 c0 -10 -4 -22 -10 -25 -6 -4 -10 7 -10 25 0 18 4 29 10 25 6 -3 10 -15 10 -25z m390 24 c0 -7 -80 -124 -85 -124 -7 0 70 129 78 130 4 0 7 -2 7 -6z m44 -69 l38 -54 -43 -61 c-53 -75 -63 -72 -14 5 48 74 40 81 -10 9 -51 -73 -58 -53 -10 26 21 34 35 63 32 66 -3 3 -22 -22 -42 -55 -21 -33 -42 -58 -47 -55 -5 3 -3 15 6 27 34 49 67 109 63 114 -3 2 -23 -23 -45 -57 -52 -83 -61 -63 -10 23 22 37 41 67 43 67 1 0 19 -25 39 -55z m1667 -2 c-9 -16 -10 -16 -11 4 0 12 3 30 7 40 7 16 8 16 11 -4 2 -12 -1 -30 -7 -40z m69 42 c0 -8 -4 -15 -10 -15 -5 0 -7 7 -4 15 4 8 8 15 10 15 2 0 4 -7 4 -15z m-2148 -27 c3 -7 -5 -28 -16 -48 -16 -26 -22 -30 -24 -17 -4 19 19 77 30 77 3 0 8 -6 10 -12z m1790 -17 c0 -9 2 -21 2 -28 1 -6 5 -15 9 -19 11 -11 9 -34 -4 -34 -5 0 -8 4 -4 9 3 5 0 13 -6 16 -5 4 -8 12 -6 19 3 6 -1 20 -9 31 -18 25 -18 36 1 29 8 -4 16 -14 17 -23z m323 -9 c-7 -34 -36 -72 -54 -72 -6 0 -16 -10 -21 -22 l-9 -23 0 23 c-1 13 9 33 20 45 19 19 21 20 15 3 -5 -15 -4 -17 7 -8 8 7 20 30 27 52 15 46 25 47 15 2z m-65 -22 c-6 -11 -15 -18 -21 -15 -5 4 -9 0 -9 -8 0 -8 -7 -20 -15 -27 -31 -26 -16 22 18 55 33 33 46 31 27 -5z m-224 22 c13 -9 26 -42 16 -42 -13 0 -28 15 -35 33 -7 18 1 22 19 9z m-2336 -11 c0 -6 -4 -13 -10 -16 -5 -3 -10 1 -10 9 0 9 5 16 10 16 6 0 10 -4 10 -9z m540 4 c0 -9 -64 -95 -68 -91 -6 7 49 96 59 96 5 0 9 -2 9 -5z m646 -106 c-31 -51 -56 -96 -56 -101 0 -19 19 4 64 81 26 45 52 83 57 87 26 15 16 -10 -35 -92 -31 -49 -59 -95 -64 -103 -6 -11 -13 -8 -30 16 l-22 31 24 25 c13 14 44 58 68 96 23 39 44 66 46 61 2 -5 -22 -51 -52 -101z m1214 66 c0 -19 -5 -19 -24 1 -23 22 -20 37 4 24 11 -6 20 -17 20 -25z m-1889 -66 c-23 -35 -41 -58 -41 -50 0 19 73 137 77 124 2 -6 -14 -39 -36 -74z m1929 61 c0 -11 -4 -20 -10 -20 -5 0 -10 2 -10 4 0 2 -3 11 -6 20 -4 11 -1 16 10 16 9 0 16 -8 16 -20z m-79 -16 c12 -14 11 -16 -5 -13 -11 2 -21 10 -24 17 -5 17 13 15 29 -4z m511 -9 c-2 -14 -8 -22 -13 -19 -5 3 -5 14 1 25 14 26 18 24 12 -6z m-2338 -76 c-24 -37 -44 -72 -44 -78 0 -6 -4 -11 -10 -11 -20 0 -9 34 36 107 30 47 50 70 54 62 5 -7 -10 -40 -36 -80z m213 21 c-22 -39 -37 -57 -41 -49 -3 8 -3 4 0 -8 4 -18 2 -22 -10 -17 -9 3 -16 8 -16 10 0 13 57 93 63 88 3 -4 12 5 18 20 7 14 14 24 17 22 2 -3 -12 -32 -31 -66z m236 64 c3 -3 -10 -26 -29 -50 -18 -25 -38 -53 -43 -62 -5 -9 -13 -14 -17 -10 -7 7 66 128 77 128 3 0 8 -3 12 -6z m1507 -8 c0 -20 -23 -33 -28 -17 -4 11 -6 11 -12 1 -4 -7 -13 -9 -20 -5 -9 5 -4 12 16 21 39 17 44 17 44 0z m-1204 -21 c-4 -14 -29 -59 -57 -100 -28 -41 -49 -80 -47 -87 2 -6 21 15 41 48 20 33 49 77 65 97 25 31 31 34 36 20 4 -10 4 -14 0 -11 -3 4 -12 2 -18 -5 -24 -25 -99 -152 -101 -172 -1 -11 -3 -22 -4 -25 0 -2 -12 11 -24 30 l-24 34 61 98 c61 97 84 121 72 73z m1119 15 c3 -5 -1 -10 -9 -10 -9 0 -16 5 -16 10 0 6 4 10 9 10 6 0 13 -4 16 -10z m-3558 -72 c8 -20 9 -29 1 -34 -6 -4 -8 -3 -5 3 4 6 0 16 -8 23 -8 7 -12 16 -9 21 2 5 -2 21 -11 36 l-17 28 19 -24 c10 -14 23 -37 30 -53z m1919 -3 c-19 -31 -37 -62 -39 -69 -2 -6 -8 -8 -12 -4 -4 3 12 39 36 79 23 41 44 69 46 63 2 -6 -12 -37 -31 -69z m1761 55 c-2 -11 -9 -26 -15 -32 -9 -9 -12 -7 -12 8 0 11 5 25 12 32 16 16 18 15 15 -8z m-109 -15 c3 -3 3 -8 0 -11 -6 -5 -68 22 -68 31 0 5 61 -13 68 -20z m-1953 6 c3 -5 1 -12 -5 -16 -5 -3 -10 1 -10 9 0 18 6 21 15 7z m95 -81 c-45 -74 -60 -91 -60 -66 0 26 84 156 94 146 5 -5 -8 -37 -34 -80z m223 0 c-25 -38 -50 -67 -54 -65 -4 3 13 37 38 75 25 38 49 67 54 65 4 -3 -13 -37 -38 -75z m1677 63 c0 -15 2 -14 15 3 14 19 14 18 15 -3 0 -25 -3 -26 -37 -17 -26 7 -32 34 -8 34 8 0 15 -8 15 -17z m-1825 -37 c13 -19 14 -29 5 -45 -6 -12 -13 -21 -16 -21 -2 0 0 9 6 21 7 11 10 22 8 25 -2 2 -24 -30 -47 -72 -24 -41 -45 -73 -48 -70 -3 3 14 39 37 81 23 42 40 79 37 81 -3 3 -22 -25 -43 -63 -44 -80 -42 -78 -50 -71 -6 7 78 157 88 158 4 0 15 -11 23 -24z m167 -61 c-28 -47 -48 -71 -53 -64 -8 13 81 149 93 143 3 -2 -14 -38 -40 -79z m528 17 c0 -3 -7 3 -15 14 -8 10 -14 26 -15 34 0 8 7 2 15 -14 8 -15 15 -31 15 -34z m-510 -37 c-24 -36 -45 -64 -47 -61 -2 2 15 33 39 69 24 36 45 64 47 61 2 -2 -15 -33 -39 -69z m470 43 c-1 -7 -15 -29 -32 -48 -23 -27 -27 -29 -18 -10 17 33 41 70 46 70 2 0 4 -6 4 -12z m-402 -5 c-17 -39 -92 -142 -99 -137 -10 6 -10 6 44 87 22 31 43 57 49 57 5 0 8 -3 6 -7z m419 -45 c-2 -13 -4 -5 -4 17 -1 22 1 32 4 23 2 -10 2 -28 0 -40z m1496 17 c-7 -21 -13 -19 -13 6 0 11 4 18 10 14 5 -3 7 -12 3 -20z m-1893 -6 c0 -6 -13 -29 -29 -52 -39 -58 -53 -87 -42 -87 5 0 26 27 47 59 21 33 42 57 46 55 4 -3 -13 -36 -38 -75 -25 -39 -44 -73 -41 -76 3 -2 26 25 50 62 25 37 47 63 50 58 2 -4 -17 -40 -43 -80 l-48 -72 -27 40 -26 41 41 69 c39 64 60 84 60 58z m355 -85 c-15 -25 -24 -48 -21 -51 3 -3 14 10 25 28 25 41 27 17 3 -29 l-18 -33 -22 30 -22 30 21 36 c12 19 25 33 29 30 4 -3 11 7 16 23 7 26 8 26 12 4 2 -13 -8 -43 -23 -68z m1473 8 c9 7 5 -1 -8 -18 -14 -17 -28 -29 -32 -27 -5 2 -8 -1 -8 -8 0 -7 -3 -10 -6 -6 -3 3 2 20 12 37 10 17 20 26 22 20 3 -7 9 -7 20 2z m-3733 -32 c3 -6 -1 -7 -9 -4 -18 7 -21 14 -7 14 6 0 13 -4 16 -10z m88 -40 c10 -10 9 -11 -3 -4 -8 5 -21 9 -28 10 -8 2 -17 5 -20 8 -3 4 4 5 16 3 12 -2 28 -9 35 -17z m945 -15 c-6 -14 -15 -25 -19 -25 -5 0 -3 11 3 25 6 14 15 25 19 25 5 0 3 -11 -3 -25z m-873 -15 c13 -6 15 -9 5 -9 -8 0 -22 4 -30 9 -18 12 -2 12 25 0z m3505 -4 c0 -2 -8 -10 -17 -17 -16 -13 -17 -12 -4 4 13 16 21 21 21 13z m-3355 -48 c5 4 5 2 1 -5 -9 -16 -45 -12 -39 4 4 10 9 10 18 3 6 -5 16 -6 20 -2z m660 -146 c-3 -3 -11 0 -18 7 -9 10 -8 11 6 5 10 -3 15 -9 12 -12z" />
        <path
            d="M2880 5170 c-14 -4 -21 -8 -16 -9 5 -1 2 -9 -5 -18 -12 -15 -12 -16 6 -9 11 5 35 14 52 20 18 7 36 15 39 19 10 9 -45 7 -76 -3z" />
        <path d="M2740 5130 c-8 -5 -12 -12 -9 -15 4 -3 12 1 19 10 14 17 11 19 -10 5z" />
        <path d="M3520 4945 c0 -6 13 -26 30 -45 16 -19 29 -30 29 -25 0 6 -13 26 -29 45 -16 19 -30 30 -30 25z" />
        <path d="M2323 5015 c-18 -8 -33 -16 -33 -18 0 -1 27 1 60 7 33 5 60 13 60 18 0 13 -52 9 -87 -7z" />
        <path d="M2375 4910 c-8 -13 5 -13 25 0 13 8 13 10 -2 10 -9 0 -20 -4 -23 -10z" />
        <path d="M2394 4896 c-38 -17 -58 -41 -22 -27 67 27 92 40 73 40 -11 0 -34 -6 -51 -13z" />
        <path d="M2710 5000 c0 -5 5 -10 11 -10 5 0 7 5 4 10 -3 6 -8 10 -11 10 -2 0 -4 -4 -4 -10z" />
        <path d="M3141 4866 c4 -4 91 -37 184 -70 11 -4 2 3 -19 15 -56 31 -183 73 -165 55z" />
        <path d="M2495 4793 c-38 -40 -54 -63 -42 -63 1 0 27 25 56 55 30 30 48 55 42 55 -6 0 -32 -21 -56 -47z" />
        <path d="M3251 4806 c14 -13 89 -45 89 -38 0 9 -64 42 -82 42 -6 0 -9 -2 -7 -4z" />
        <path
            d="M2475 4723 c-25 -32 -45 -62 -45 -68 0 -5 11 4 23 20 12 17 37 47 56 68 18 20 28 37 22 37 -6 0 -31 -26 -56 -57z" />
        <path d="M3310 4750 c14 -10 27 -17 29 -14 6 5 -31 33 -44 33 -5 1 1 -8 15 -19z" />
        <path
            d="M3442 4738 c1 -13 14 -40 30 -60 37 -48 36 -59 -2 -23 -47 45 -34 16 17 -40 26 -27 39 -38 30 -23 -19 31 -22 42 -7 33 6 -3 10 -2 10 4 0 5 -5 13 -11 16 -6 4 -8 13 -5 20 4 11 -48 95 -59 95 -2 0 -3 -10 -3 -22z m50 -52 c10 -19 8 -18 -16 3 -14 14 -26 29 -26 34 0 13 29 -12 42 -37z" />
        <path d="M2488 4693 c-32 -35 -62 -82 -56 -88 4 -4 52 57 81 103 13 20 2 14 -25 -15z" />
        <path
            d="M2478 4627 c-30 -38 -88 -139 -88 -153 1 -5 10 8 21 29 11 22 23 37 25 34 3 -3 -7 -29 -21 -57 -19 -37 -23 -56 -16 -63 7 -7 12 -5 17 9 4 10 19 37 34 59 39 58 45 74 16 40 -36 -42 -33 -16 4 30 35 44 39 56 10 30 -28 -25 -25 -10 6 31 34 44 27 54 -8 11z m-26 -79 c-7 -7 -12 -8 -12 -2 0 14 12 26 19 19 2 -3 -1 -11 -7 -17z m-21 -71 c-10 -9 -11 -8 -5 6 3 10 9 15 12 12 3 -3 0 -11 -7 -18z" />
        <path
            d="M3440 4623 c0 -5 12 -20 26 -34 15 -13 40 -44 55 -68 16 -25 29 -40 29 -35 0 16 -55 97 -84 123 -14 14 -26 20 -26 14z" />
        <path
            d="M3162 4555 c-25 -21 -31 -23 -26 -8 4 13 0 11 -15 -7 -11 -14 -21 -31 -21 -39 0 -11 4 -9 16 5 14 18 15 18 8 -5 -6 -21 -4 -23 20 -19 15 3 25 1 24 -4 -2 -5 -6 -8 -10 -6 -3 2 -15 -5 -26 -15 -12 -11 -21 -14 -24 -7 -2 6 -11 -4 -21 -22 l-18 -33 20 24 c12 13 21 20 21 16 0 -5 9 0 20 10 11 10 20 14 20 10 0 -5 10 1 23 13 18 17 40 23 117 28 94 7 97 6 154 -25 33 -17 62 -29 64 -26 3 3 -14 26 -38 50 -55 56 -116 78 -205 73 -36 -1 -66 1 -68 6 -1 4 -17 -4 -35 -19z m120 -22 c-18 -2 -30 -7 -28 -11 2 -4 -10 -6 -27 -6 -45 2 -49 3 -43 12 2 4 33 8 68 8 34 1 48 0 30 -3z" />
        <path
            d="M3458 4564 c6 -11 18 -26 26 -34 9 -7 16 -17 16 -23 0 -6 -12 0 -27 14 l-28 24 24 -27 c14 -16 27 -26 29 -23 3 3 14 -7 24 -22 10 -16 18 -24 18 -19 0 13 -58 102 -77 118 -14 12 -15 11 -5 -8z" />
        <path
            d="M2626 4559 c-69 -10 -132 -44 -164 -89 -13 -17 -22 -33 -20 -35 2 -2 31 10 65 27 66 32 104 37 198 24 112 -15 125 -14 125 3 0 9 -9 31 -20 49 -21 34 -37 43 -26 16 5 -13 3 -14 -7 -6 -20 17 -85 22 -151 11z m128 -25 c9 -3 13 -11 9 -17 -4 -7 0 -8 13 -3 15 6 16 4 7 -5 -7 -7 -19 -9 -30 -4 -10 4 -35 9 -56 10 -22 2 -42 7 -45 10 -4 4 12 6 36 3 23 -2 42 0 42 4 0 10 4 10 24 2z" />
        <path d="M2834 4515 c6 -19 14 -35 18 -35 11 0 10 7 -7 40 -21 40 -24 38 -11 -5z" />
        <path
            d="M2816 4445 c3 -8 14 -12 24 -10 14 3 17 -1 13 -12 -4 -10 -2 -14 4 -10 6 4 14 0 17 -9 4 -9 9 -15 12 -12 7 8 -18 58 -30 59 -6 0 -19 2 -28 4 -10 2 -15 -2 -12 -10z" />
        <path d="M3666 4557 c3 -10 9 -15 12 -12 3 3 0 11 -7 18 -10 9 -11 8 -5 -6z" />
        <path
            d="M2600 4384 c-36 -15 -80 -52 -80 -65 0 -4 23 8 51 27 67 45 136 48 195 8 21 -14 45 -33 51 -42 7 -8 15 -13 18 -10 8 8 -16 58 -25 53 -4 -2 -21 6 -38 19 -38 28 -121 33 -172 10z" />
        <path
            d="M2640 4361 c-48 -15 -87 -40 -104 -66 -16 -25 -16 -27 6 -45 35 -30 90 -43 141 -36 37 6 47 12 57 35 6 15 8 41 5 57 l-7 29 26 -30 c14 -16 24 -38 22 -47 -5 -20 2 -22 22 -9 11 7 9 17 -12 49 -14 23 -34 45 -44 51 -27 14 -84 21 -112 12z m-27 -65 c-4 -26 0 -39 16 -55 25 -25 22 -26 -23 -7 -48 20 -52 33 -20 67 15 16 29 29 30 29 2 0 0 -15 -3 -34z m50 13 c-4 -14 1 -25 17 -36 14 -10 18 -19 12 -25 -12 -12 -55 9 -46 23 3 5 0 17 -8 26 -11 14 -11 16 1 8 11 -6 13 -4 8 8 -4 11 -1 17 7 17 9 0 12 -7 9 -21z m53 0 c8 -14 -18 -31 -30 -19 -9 9 0 30 14 30 5 0 12 -5 16 -11z" />
        <path
            d="M2479 4333 c-10 -66 0 -92 21 -52 8 15 9 19 1 15 -14 -9 -14 0 -1 25 8 15 7 19 -5 19 -8 0 -16 -3 -16 -7z" />
        <path d="M2812 4187 l-23 -42 25 28 c14 15 26 35 26 43 0 21 -3 18 -28 -29z" />
        <path
            d="M2725 4195 c-16 -8 -45 -14 -62 -15 -18 0 -33 -4 -33 -10 0 -14 18 -13 78 5 29 9 52 20 52 25 0 6 -1 10 -2 9 -2 0 -16 -7 -33 -14z" />
        <path
            d="M3202 4350 c-28 -17 -72 -73 -72 -91 0 -10 32 -21 39 -14 3 3 0 9 -6 13 -9 6 -5 16 12 37 l24 30 1 -32 c0 -52 29 -73 99 -73 43 0 65 5 84 20 14 11 30 20 36 20 23 0 9 30 -29 63 -60 51 -131 61 -188 27z m51 -12 c-14 -23 -14 -50 -1 -42 7 4 10 3 5 -1 -4 -5 0 -16 9 -26 15 -16 14 -17 -5 -12 -12 3 -26 13 -30 22 -5 9 -11 19 -13 22 -1 4 6 16 16 28 21 23 31 28 19 9z m51 -39 c-8 -14 -34 -11 -34 4 0 8 3 17 7 20 9 9 34 -13 27 -24z m58 4 c35 -34 35 -39 -2 -58 -42 -22 -50 -19 -34 15 12 22 12 34 4 50 -15 28 -1 25 32 -7z" />
        <path
            d="M3451 4336 c-10 -12 -10 -20 0 -37 11 -22 12 -22 25 -4 17 24 17 30 0 44 -10 9 -16 8 -25 -3z m29 -22 c0 -8 -19 -13 -24 -6 -3 5 1 9 9 9 8 0 15 -2 15 -3z" />
        <path d="M3111 4304 c0 -11 3 -14 6 -6 3 7 2 16 -1 19 -3 4 -6 -2 -5 -13z" />
        <path d="M3110 4238 c0 -8 12 -25 27 -39 l27 -24 -24 35 c-13 19 -25 37 -27 39 -2 2 -3 -2 -3 -11z" />
        <path d="M3194 4202 c7 -12 69 -32 99 -32 36 0 15 18 -25 22 -24 3 -52 8 -62 13 -13 6 -17 5 -12 -3z" />
        <path
            d="M2898 4118 c-7 -12 -13 -30 -14 -38 -1 -8 -5 -23 -9 -32 -4 -11 -3 -18 4 -18 7 0 14 8 18 18 3 9 17 27 31 39 35 30 23 39 -14 11 l-29 -23 18 28 c10 16 16 31 14 34 -3 2 -11 -6 -19 -19z" />
        <path d="M3066 4091 c-9 -14 3 -38 18 -38 8 0 11 8 8 19 -5 22 -19 32 -26 19z" />
        <path d="M2826 4028 c-32 -45 -15 -99 34 -113 l25 -7 -27 26 c-30 28 -35 55 -17 88 15 28 4 34 -15 6z" />
        <path d="M3115 4035 c19 -52 17 -64 -13 -95 -34 -34 -19 -41 22 -9 32 25 34 67 5 100 -18 21 -20 21 -14 4z" />
        <path d="M3500 4020 c-6 -12 -9 -24 -7 -27 3 -2 11 5 17 17 6 12 9 24 7 27 -3 2 -11 -5 -17 -17z" />
        <path d="M2431 4013 c0 -5 4 -17 9 -28 8 -18 9 -17 9 8 1 15 -3 27 -9 27 -5 0 -10 -3 -9 -7z" />
        <path
            d="M3035 3999 c-36 -22 -71 -24 -105 -4 -33 19 -40 18 -40 -2 0 -9 3 -13 7 -10 3 4 16 0 29 -8 12 -8 32 -12 43 -10 12 2 21 -1 21 -7 0 -5 -7 -8 -15 -5 -8 4 -17 1 -21 -5 -4 -7 -3 -8 4 -4 7 4 12 2 12 -5 0 -8 3 -9 13 0 8 6 18 7 22 3 5 -4 5 -2 1 5 -3 6 7 21 24 33 21 15 30 17 30 8 0 -11 2 -11 9 0 7 11 9 11 14 -2 5 -11 0 -16 -14 -16 -11 0 -30 -11 -43 -25 -30 -32 -58 -32 -94 3 -35 33 -51 37 -58 17 -3 -8 -11 -12 -18 -9 -6 3 -2 -2 8 -10 11 -9 30 -16 42 -16 13 0 26 -4 29 -10 3 -5 24 -10 45 -10 21 0 41 -4 44 -9 7 -11 -82 -2 -106 11 -32 16 -19 0 18 -21 41 -25 73 -27 100 -7 18 14 18 15 2 21 -22 9 -14 25 12 25 10 0 25 7 33 15 8 8 17 11 21 8 18 -19 2 22 -16 41 -23 24 -23 24 -53 5z m-32 -116 c-7 -2 -21 -2 -30 0 -10 3 -4 5 12 5 17 0 24 -2 18 -5z" />
        <path d="M2860 3980 c-9 -6 -10 -10 -3 -10 6 0 15 5 18 10 8 12 4 12 -15 0z" />
        <path d="M2451 3890 c-1 -45 53 -200 70 -200 5 0 2 15 -7 33 -10 17 -27 68 -40 112 -12 44 -23 69 -23 55z" />
        <path d="M3100 3860 c-9 -6 -10 -10 -3 -10 6 0 15 5 18 10 8 12 4 12 -15 0z" />
        <path
            d="M3250 3824 c0 -47 -231 -87 -390 -67 -89 12 -156 36 -145 53 10 16 -12 11 -29 -6 -24 -24 -19 -41 12 -42 15 0 56 -7 92 -16 124 -29 344 -17 438 24 23 11 50 16 59 13 13 -5 15 -2 10 11 -5 11 -3 15 4 10 7 -4 10 -1 7 7 -3 8 -10 14 -15 14 -6 0 -15 3 -19 8 -12 12 -24 8 -24 -9z" />
        <path
            d="M3466 3814 c-10 -14 -15 -28 -12 -31 3 -3 -4 -20 -16 -37 l-22 -31 27 24 c15 14 26 29 25 35 -1 6 4 22 11 34 18 33 7 38 -13 6z" />
        <path d="M3345 3821 c-3 -5 -2 -12 3 -15 5 -3 9 1 9 9 0 17 -3 19 -12 6z" />
        <path d="M2940 3788 c0 -5 18 -8 39 -8 22 0 42 3 44 8 3 4 -15 7 -39 7 -24 0 -44 -3 -44 -7z" />
        <path d="M3408 3685 c-21 -19 -34 -35 -30 -35 5 0 23 16 42 35 44 45 36 45 -12 0z" />
        <path
            d="M2530 3674 c0 -16 73 -104 86 -104 7 0 19 -11 28 -25 9 -14 21 -23 26 -20 5 3 14 -4 20 -15 6 -11 17 -20 24 -20 8 0 19 -7 26 -15 7 -8 17 -15 23 -15 5 0 -3 12 -18 28 -15 15 -31 27 -36 27 -4 0 -15 9 -23 20 -11 15 -15 16 -16 5 0 -8 -11 2 -26 23 -14 21 -29 35 -33 32 -8 -4 -25 13 -66 70 -8 11 -15 15 -15 9z" />
        <path
            d="M3066 3668 c-12 -6 -55 -9 -115 -6 l-96 5 40 -18 c22 -10 56 -19 75 -20 19 -1 49 -5 65 -9 25 -6 20 -8 -27 -9 -31 0 -69 4 -85 10 -27 10 -27 9 -11 -7 13 -14 32 -17 80 -15 37 1 67 7 73 15 6 7 17 16 25 19 8 4 -3 4 -25 1 l-40 -5 43 20 c23 11 42 22 42 26 0 8 -24 5 -44 -7z" />
        <path
            d="M3361 3608 c-35 -35 -61 -55 -58 -45 10 29 1 20 -37 -35 l-37 -53 37 40 c22 24 34 32 30 20 -4 -12 14 0 44 30 46 45 97 105 88 105 -2 0 -32 -28 -67 -62z" />
        <path d="M3229 3573 c-13 -16 -12 -17 4 -4 9 7 17 15 17 17 0 8 -8 3 -21 -13z" />
        <path d="M2890 3398 c0 -12 108 -20 137 -10 23 8 15 10 -55 13 -45 2 -82 1 -82 -3z" />
        <path d="M3666 3960 c-39 -44 -48 -64 -15 -34 23 21 63 74 56 74 -3 0 -21 -18 -41 -40z" />
        <path d="M2269 3937 c19 -20 37 -35 39 -33 7 8 -7 24 -41 47 l-32 22 34 -36z" />
        <path d="M2590 3501 c0 -6 4 -12 8 -15 5 -3 9 1 9 9 0 8 -4 15 -9 15 -4 0 -8 -4 -8 -9z" />
        <path
            d="M3325 3463 c2 -13 1 -22 -3 -21 -14 3 -42 -14 -36 -23 3 -5 0 -9 -6 -9 -13 0 -49 -40 -50 -55 0 -5 20 11 45 35 25 24 45 38 45 31 0 -10 5 -9 20 4 11 10 20 23 20 28 0 6 -3 7 -7 4 -3 -4 -12 1 -19 11 -12 15 -13 15 -9 -5z" />
        <path
            d="M2604 3404 c2 -16 7 -38 12 -48 5 -14 4 -17 -5 -11 -10 6 -11 3 -2 -13 13 -25 14 -35 2 -28 -16 10 -5 -59 15 -92 30 -51 37 -37 8 16 -20 36 -21 41 -5 22 23 -28 28 -16 6 14 -25 33 -16 43 10 11 33 -39 32 -21 0 21 -14 18 -25 36 -25 40 0 4 11 -3 25 -16 34 -32 31 -16 -5 30 -16 21 -30 42 -30 46 0 5 11 -4 25 -21 13 -16 24 -27 25 -24 0 3 -13 23 -30 44 l-30 38 4 -29z" />
        <path d="M2731 3386 c-8 -10 -8 -16 3 -25 9 -8 16 -8 20 -2 4 5 2 12 -4 16 -6 4 -8 11 -5 16 9 14 -1 11 -14 -5z" />
        <path d="M3336 3275 c-9 -14 -23 -36 -32 -50 -9 -14 -14 -25 -11 -25 9 0 70 91 64 96 -2 3 -12 -7 -21 -21z" />
        <path d="M3322 3208 c-39 -59 -48 -78 -20 -46 27 32 62 88 54 88 -3 0 -18 -19 -34 -42z" />
        <path d="M3120 3130 c-14 -11 -21 -20 -17 -20 5 0 20 9 34 20 14 11 22 20 17 20 -5 0 -20 -9 -34 -20z" />
        <path d="M2776 3088 c3 -5 10 -6 15 -3 13 9 11 12 -6 12 -8 0 -12 -4 -9 -9z" />
        <path d="M2960 2879 c0 -9 48 -24 55 -17 2 2 -9 9 -25 15 -17 6 -30 7 -30 2z" />
        <path
            d="M2960 2850 c0 -6 5 -10 10 -10 6 0 9 -5 8 -11 -2 -6 3 -14 11 -17 8 -2 11 0 7 6 -3 6 -1 12 5 14 6 2 0 9 -15 16 -15 7 -26 8 -26 2z" />
        <path
            d="M2480 3135 c-2 -44 -3 -47 -10 -20 -7 28 -8 28 -9 5 -1 -32 25 -118 30 -101 3 7 13 -12 22 -43 10 -31 22 -56 26 -56 5 0 -2 30 -16 67 -24 67 -29 119 -6 72 6 -13 14 -33 18 -44 5 -13 9 -15 12 -7 3 6 -5 31 -16 55 -11 23 -27 60 -35 82 l-15 40 -1 -50z m11 -66 c-6 -16 -10 -18 -10 -7 -1 22 12 55 16 42 2 -6 -1 -22 -6 -35z" />
        <path
            d="M2797 2903 c-12 -12 -7 -50 8 -63 35 -29 74 20 45 56 -13 15 -42 19 -53 7z m41 -37 c3 -12 -1 -17 -10 -14 -7 3 -15 13 -16 22 -3 12 1 17 10 14 7 -3 15 -13 16 -22z" />
        <path d="M3462 3150 c-1 -14 -5 -43 -7 -65 -5 -35 -4 -37 5 -15 6 13 9 42 7 65 -2 22 -4 29 -5 15z" />
        <path d="M3421 3053 c-7 -32 -15 -65 -17 -73 -3 -8 2 -3 11 12 17 31 36 118 26 118 -4 0 -13 -26 -20 -57z" />
        <path d="M3395 3039 c-35 -97 -45 -139 -25 -109 14 21 41 112 35 118 -2 3 -7 -1 -10 -9z" />
        <path d="M3760 3340 c0 -9 2 -9 179 -71 121 -42 130 -44 116 -30 -15 15 -295 110 -295 101z" />
        <path
            d="M3707 3298 c-31 -49 -165 -285 -186 -325 -27 -54 -27 -68 0 -23 74 121 209 363 205 367 -2 3 -11 -6 -19 -19z" />
        <path d="M4797 2789 c-54 -94 -96 -174 -93 -176 12 -13 201 316 194 337 -2 6 -47 -67 -101 -161z" />
        <path d="M3442 2025 c5 -5 286 -105 296 -105 23 0 -31 25 -140 64 -113 41 -171 56 -156 41z" />
        <path d="M3877 1869 c14 -14 304 -121 310 -115 7 7 -23 20 -170 75 -145 54 -157 57 -140 40z" />
        <path
            d="M2310 3085 c-4 -58 1 -131 16 -220 17 -106 23 -125 33 -125 4 0 0 44 -11 98 -10 53 -22 138 -27 187 -4 50 -9 77 -11 60z" />
        <path d="M2271 3030 c-1 -32 11 -124 25 -192 3 -16 9 -28 13 -28 7 0 -9 121 -28 215 l-9 40 -1 -35z" />
        <path d="M2235 3013 c2 -16 7 -54 10 -86 4 -32 9 -56 12 -53 8 8 -8 166 -18 166 -5 0 -7 -12 -4 -27z" />
        <path d="M2193 2993 c3 -10 8 -40 12 -66 4 -27 9 -46 12 -44 9 9 -8 127 -19 127 -5 0 -7 -8 -5 -17z" />
        <path
            d="M2140 2993 c-8 -4 -66 -30 -128 -60 -62 -29 -124 -56 -137 -59 -14 -3 -28 -11 -32 -17 -4 -6 4 -7 23 -3 31 8 314 136 314 142 0 6 -22 4 -40 -3z" />
        <path d="M1640 2720 c0 -5 5 -10 11 -10 5 0 7 5 4 10 -3 6 -8 10 -11 10 -2 0 -4 -4 -4 -10z" />
        <path
            d="M1630 2692 c0 -7 37 -109 82 -227 55 -144 85 -211 91 -202 6 8 7 3 3 -12 -3 -14 -2 -30 3 -35 4 -6 14 -33 21 -59 24 -89 22 -40 -4 86 -14 68 -26 140 -27 158 -1 19 -5 45 -10 59 -9 25 -5 -69 6 -150 l5 -35 -11 30 c-109 307 -159 429 -159 387z" />
        <path d="M1993 2688 c2 -7 17 -67 33 -133 15 -66 30 -112 32 -101 5 25 -49 246 -61 246 -5 0 -7 -6 -4 -12z" />
        <path d="M1984 2605 c11 -97 29 -185 38 -185 5 0 6 10 3 23 -2 12 -12 65 -21 117 -18 108 -30 135 -20 45z" />
        <path
            d="M2372 2618 c3 -7 13 -39 23 -70 10 -32 22 -58 27 -58 6 0 8 6 5 13 -2 6 -13 38 -23 70 -10 31 -22 57 -27 57 -5 0 -7 -6 -5 -12z" />
        <path
            d="M1566 2569 c-41 -98 -47 -320 -12 -419 26 -74 89 -210 94 -205 2 2 -14 50 -36 107 -23 57 -47 123 -53 148 -20 71 -15 243 9 325 22 75 21 99 -2 44z" />
        <path
            d="M1481 2410 c-35 -80 -75 -215 -68 -234 3 -6 -1 -20 -9 -31 -10 -13 -11 -22 -3 -32 8 -9 8 -13 0 -13 -18 0 -12 -20 7 -20 14 -1 14 -3 -5 -19 -13 -11 -23 -22 -23 -26 0 -3 -23 -33 -51 -67 -53 -64 -73 -103 -65 -125 9 -23 21 -14 22 17 1 29 43 89 110 156 37 38 49 65 32 75 -9 6 -9 11 1 23 11 14 11 16 -5 16 -17 1 -17 2 4 19 25 22 29 36 8 28 -10 -4 -13 -1 -9 9 3 7 9 14 14 14 5 0 9 5 9 11 0 5 -4 7 -10 4 -5 -3 -10 -2 -10 4 0 5 5 13 10 16 6 4 8 10 5 15 -3 5 13 56 36 115 22 58 39 108 36 111 -2 2 -18 -27 -36 -66z" />
        <path d="M1447 1880 c-80 -14 -67 -21 29 -15 99 6 149 -6 217 -51 44 -29 51 -15 8 16 -67 47 -163 66 -254 50z" />
        <path d="M1740 1826 c0 -9 111 -119 115 -114 7 7 -72 96 -96 109 -10 5 -19 8 -19 5z" />
        <path d="M1890 1810 c6 -11 13 -20 16 -20 2 0 0 9 -6 20 -6 11 -13 20 -16 20 -2 0 0 -9 6 -20z" />
        <path d="M2178 1688 c-29 -44 -59 -110 -54 -116 7 -6 3 -12 43 67 33 65 38 91 11 49z" />
        <path d="M1973 1638 c-40 -49 -125 -278 -104 -278 4 0 16 28 25 63 9 34 35 98 56 141 37 76 46 102 23 74z" />
        <path
            d="M1966 1558 c-77 -160 -90 -224 -92 -438 0 -102 3 -216 8 -255 9 -78 49 -210 81 -267 39 -71 35 -38 -8 75 -42 109 -44 118 -56 291 -6 98 -9 218 -6 265 7 105 45 240 96 344 21 42 35 77 30 77 -5 0 -29 -42 -53 -92z" />
        <path
            d="M1880 1595 c-12 -13 -27 -22 -31 -19 -17 10 -114 -52 -175 -111 -53 -52 -123 -159 -111 -171 2 -2 20 22 40 53 47 75 60 89 130 146 126 102 123 80 -8 -52 -71 -72 -124 -131 -117 -131 11 0 264 247 301 293 21 26 -2 20 -29 -8z" />
        <path
            d="M1047 1443 c-14 -32 -30 -82 -36 -111 -14 -67 -14 -192 -1 -192 6 0 10 34 10 83 0 90 20 183 51 235 21 37 23 42 10 42 -4 0 -20 -26 -34 -57z" />
        <path d="M1486 1372 c-3 -5 1 -9 9 -9 8 0 12 4 9 9 -3 4 -7 8 -9 8 -2 0 -6 -4 -9 -8z" />
        <path
            d="M1105 1230 c-4 -6 -9 -39 -12 -73 -3 -34 -10 -65 -15 -68 -6 -4 -6 -42 2 -100 12 -102 20 -124 21 -63 1 37 1 36 15 -21 8 -33 19 -64 25 -70 8 -7 9 -3 5 13 -18 65 -18 69 -2 42 20 -32 20 -23 1 30 -18 51 -21 114 -4 90 8 -11 9 -9 3 10 -4 14 -7 59 -6 100 1 98 -14 53 -24 -69 -6 -69 -9 -80 -15 -57 -5 18 -3 74 5 135 14 106 14 122 1 101z" />
        <path
            d="M1615 1206 c-41 -98 -55 -246 -31 -321 4 -11 -7 7 -24 40 -29 56 -31 65 -26 130 5 53 4 67 -5 58 -7 -7 -12 -47 -13 -102 -1 -76 -3 -86 -13 -68 -24 43 -13 -5 19 -80 17 -42 50 -105 74 -140 50 -75 33 -88 -21 -15 -30 41 -60 103 -106 218 -6 16 -13 24 -16 17 -6 -16 51 -156 87 -215 16 -25 26 -49 23 -52 -5 -5 41 -29 62 -31 39 -5 83 -20 99 -34 13 -10 17 -11 11 -2 -6 11 -3 13 16 8 13 -3 51 -11 84 -18 33 -7 71 -21 84 -31 32 -25 37 -17 17 32 -9 22 -15 44 -14 48 1 4 -6 25 -16 47 -9 22 -35 102 -56 179 -22 76 -42 141 -45 144 -11 11 -4 -26 24 -130 16 -60 27 -108 24 -108 -11 0 -72 150 -78 193 -4 26 -12 50 -17 53 -6 4 -7 -12 -2 -41 8 -58 32 -145 33 -125 1 8 22 -23 47 -70 41 -73 56 -108 89 -205 15 -44 -65 91 -91 153 -16 37 -34 71 -41 75 -20 12 -62 164 -72 257 l-8 85 -2 -70 c-2 -127 32 -235 128 -404 22 -40 41 -74 41 -77 0 -8 -36 11 -47 25 -34 42 -75 126 -107 219 -39 112 -43 131 -21 92 29 -50 14 -4 -35 115 -12 29 -12 0 0 -66 18 -98 69 -243 105 -303 19 -32 33 -61 31 -63 -18 -18 -103 115 -92 144 4 9 2 12 -7 7 -6 -4 -9 -4 -5 1 4 4 0 21 -9 38 -28 55 -63 170 -63 208 0 20 9 66 20 101 23 74 22 68 11 68 -5 0 -17 -30 -27 -67 -9 -38 -21 -72 -25 -78 -4 -5 3 -46 16 -90 17 -59 19 -75 8 -60 -49 65 -54 134 -19 256 26 89 26 116 1 55z m15 -321 c17 -19 93 -195 84 -195 -2 0 -22 23 -44 51 -26 33 -48 78 -65 130 -29 92 -31 106 -8 64 8 -16 23 -39 33 -50z m5 -137 c40 -73 48 -93 31 -81 -31 24 -50 50 -96 138 -23 44 -40 89 -40 108 1 32 1 31 27 -18 14 -27 49 -94 78 -147z m120 -109 c8 -11 2 -11 -27 0 -13 5 -32 24 -42 42 l-20 34 42 -33 c23 -19 44 -38 47 -43z" />
        <path
            d="M2055 1108 c10 -129 25 -309 30 -353 l5 -40 -11 34 c-21 68 -18 22 5 -62 12 -47 19 -84 14 -81 -29 18 -72 211 -88 389 l-9 110 4 -135 c3 -74 12 -166 21 -205 9 -38 17 -77 18 -85 4 -27 59 -120 67 -114 5 3 9 1 9 -4 0 -11 39 -52 50 -52 5 0 -5 22 -22 49 -35 58 -49 144 -70 449 -7 100 -16 182 -21 182 -5 0 -6 -37 -2 -82z" />
        <path
            d="M1944 961 c8 -95 31 -199 62 -281 26 -70 62 -135 70 -127 3 2 -5 20 -16 40 -11 19 -23 48 -25 63 -2 16 -15 56 -29 89 -13 33 -32 110 -41 170 -20 129 -31 152 -21 46z" />
        <path d="M1230 879 c0 -8 7 -24 15 -35 18 -24 19 -7 0 26 -9 16 -14 19 -15 9z" />
        <path d="M1367 825 c9 -19 18 -33 21 -31 4 5 -26 66 -33 66 -3 0 3 -16 12 -35z" />
        <path d="M1930 816 c0 -24 60 -189 82 -224 30 -49 33 -32 5 25 -13 26 -36 85 -51 131 -27 80 -36 97 -36 68z" />
        <path d="M2316 673 c-14 -27 -35 -63 -47 -80 -25 -40 -8 -44 19 -5 32 45 73 132 62 132 -5 0 -21 -21 -34 -47z" />
        <path d="M2978 2489 c-32 -45 -58 -89 -58 -97 0 -9 27 24 61 73 75 111 72 105 62 105 -4 0 -34 -37 -65 -81z" />
        <path d="M3048 2413 c-75 -102 -82 -113 -71 -113 11 0 147 189 140 196 -2 3 -34 -35 -69 -83z" />
        <path d="M4600 2548 c0 -16 5 -28 10 -28 13 0 13 20 0 40 -8 12 -10 9 -10 -12z" />
        <path d="M4787 2514 c-4 -4 -7 -17 -7 -28 1 -19 1 -20 11 -3 11 19 8 43 -4 31z" />
        <path d="M2560 2431 c0 -5 5 -13 10 -16 6 -3 10 -2 10 4 0 5 -4 13 -10 16 -5 3 -10 2 -10 -4z" />
        <path d="M2037 2353 c-11 -35 -17 -259 -9 -293 6 -26 10 10 16 134 7 159 5 202 -7 159z" />
        <path d="M4682 2385 c0 -16 2 -22 5 -12 2 9 2 23 0 30 -3 6 -5 -1 -5 -18z" />
        <path d="M4707 2387 c-11 -29 -9 -43 4 -30 6 6 9 19 7 29 -3 18 -4 18 -11 1z" />
        <path d="M4450 2363 c0 -5 5 -15 10 -23 8 -12 10 -11 10 8 0 12 -4 22 -10 22 -5 0 -10 -3 -10 -7z" />
        <path
            d="M4630 2209 c0 -33 3 -39 13 -30 8 6 17 8 20 4 4 -3 7 5 7 18 0 19 -2 21 -10 9 -8 -12 -10 -11 -10 7 0 12 -4 25 -10 28 -6 4 -10 -10 -10 -36z" />
        <path d="M4588 2021 c-3 -17 -1 -31 3 -31 11 0 19 44 10 53 -5 5 -11 -5 -13 -22z" />
        <path d="M4546 1824 c-4 -20 -5 -38 -2 -41 2 -3 8 11 12 31 3 21 4 39 1 42 -2 3 -8 -11 -11 -32z" />
        <path d="M4486 1785 c-3 -9 -5 -31 -5 -48 1 -27 3 -24 9 13 8 48 6 61 -4 35z" />
        <path d="M4634 1552 c4 -3 14 -7 22 -8 9 -1 13 0 10 4 -4 3 -14 7 -22 8 -9 1 -13 0 -10 -4z" />
        <path d="M4512 1490 c0 -14 2 -19 5 -12 2 6 2 18 0 25 -3 6 -5 1 -5 -13z" />
        <path d="M3216 2255 c-3 -8 -1 -25 4 -37 8 -20 9 -18 9 15 1 39 -3 47 -13 22z" />
        <path d="M3243 2244 c-3 -8 -1 -20 6 -27 8 -8 11 -4 11 16 0 30 -7 35 -17 11z" />
        <path
            d="M2860 2103 c-11 -15 -19 -32 -16 -40 3 -7 1 -15 -4 -18 -6 -4 -10 -11 -10 -18 0 -16 17 3 39 44 16 29 24 34 57 36 51 2 51 2 34 13 -30 19 -77 11 -100 -17z" />
        <path d="M3286 2022 c-5 -18 -5 -36 -2 -39 7 -7 19 43 13 59 -2 7 -7 -2 -11 -20z" />
        <path d="M2964 1962 c23 -26 23 -26 23 -7 0 8 -3 13 -5 10 -3 -3 -12 1 -21 7 -10 8 -9 4 3 -10z" />
        <path d="M2767 1946 c-3 -8 -2 -18 3 -21 13 -8 20 9 11 24 -6 10 -10 9 -14 -3z" />
        <path d="M2870 1939 c-19 -35 -6 -39 28 -8 32 29 32 29 8 29 -15 0 -30 -8 -36 -21z" />
        <path d="M3261 1849 c-14 -40 -14 -39 2 -34 6 3 13 19 14 35 3 38 -2 38 -16 -1z" />
        <path d="M2961 1816 c-9 -11 -9 -16 1 -22 7 -4 10 -4 6 1 -4 4 -3 14 3 22 6 7 9 13 6 13 -2 0 -10 -6 -16 -14z" />
        <path
            d="M2882 1755 c-6 -14 -10 -25 -7 -25 13 0 55 25 55 33 0 5 -8 3 -17 -4 -15 -12 -16 -12 -10 4 10 27 -8 20 -21 -8z" />
        <path d="M2900 1720 c0 -5 5 -10 10 -10 6 0 10 5 10 10 0 6 -4 10 -10 10 -5 0 -10 -4 -10 -10z" />
        <path d="M3211 1723 c0 -6 -4 -20 -7 -30 -5 -14 -4 -15 5 -7 7 7 11 20 8 30 -3 11 -5 14 -6 7z" />
        <path d="M2541 1697 c-8 -10 -7 -14 2 -14 8 0 14 6 14 14 0 7 -1 13 -2 13 -2 0 -8 -6 -14 -13z" />
        <path d="M2878 1573 c-10 -2 -18 -8 -18 -12 0 -11 49 -1 56 10 5 9 -8 10 -38 2z" />
        <path d="M2820 1530 c0 -12 17 -12 45 0 17 7 15 9 -12 9 -18 1 -33 -3 -33 -9z" />
        <path d="M2793 1503 c9 -2 25 -2 35 0 9 3 1 5 -18 5 -19 0 -27 -2 -17 -5z" />
        <path d="M2712 1496 c11 -12 78 -25 78 -15 0 5 -8 9 -17 9 -10 0 -29 3 -43 7 -14 3 -22 3 -18 -1z" />
        <path d="M2670 1475 c19 -7 49 -13 65 -13 24 0 20 3 -20 14 -63 17 -91 17 -45 -1z" />
        <path d="M2665 2010 c-20 -34 -35 -63 -32 -66 3 -3 22 22 42 56 20 34 35 63 32 66 -3 3 -22 -22 -42 -56z" />
        <path
            d="M3526 1883 c-6 -6 198 -113 216 -113 21 0 4 19 -29 34 -21 9 -61 29 -89 44 -28 16 -56 26 -64 24 -7 -3 -10 0 -6 7 8 12 -16 16 -28 4z" />
        <path d="M4404 1865 c-10 -8 -14 -15 -8 -15 6 0 17 7 24 15 16 19 9 19 -16 0z" />
        <path d="M2315 1494 c-33 -18 -54 -34 -47 -34 14 0 132 58 132 65 0 12 -29 1 -85 -31z" />
        <path d="M2345 1428 c-68 -35 -70 -36 -63 -43 7 -8 138 57 138 67 0 13 -11 9 -75 -24z" />
        <path d="M2373 1371 c-52 -25 -87 -51 -68 -51 6 0 127 60 134 66 2 2 2 6 0 9 -3 2 -32 -8 -66 -24z" />
        <path d="M4573 653 c9 -9 20 -13 24 -9 4 4 1 11 -7 16 -25 16 -35 11 -17 -7z" />
        <path d="M3210 1525 c-7 -9 -10 -18 -7 -21 3 -3 10 4 17 15 13 25 8 27 -10 6z" />
        <path d="M3014 1548 c-37 -63 -37 -63 -11 -33 25 28 33 45 23 45 -3 0 -8 -6 -12 -12z" />
        <path d="M3090 1355 c-28 -42 -49 -79 -46 -82 7 -7 2 -14 60 75 26 41 45 76 43 79 -3 2 -29 -30 -57 -72z" />
        <path d="M2383 1032 c-1 -22 0 -24 9 -8 6 10 6 22 2 26 -5 5 -10 -3 -11 -18z" />
        <path d="M2255 990 c-3 -5 -3 -15 1 -21 6 -11 23 6 24 24 0 10 -18 9 -25 -3z" />
        <path
            d="M2294 988 c3 -10 1 -18 -4 -18 -6 0 -10 -5 -10 -11 0 -8 5 -8 15 1 12 10 15 9 15 -6 1 -18 1 -18 15 0 19 25 19 42 1 27 -11 -10 -17 -8 -26 6 -10 16 -11 16 -6 1z" />
        <path d="M2346 968 c-9 -34 -7 -43 4 -32 14 14 21 54 11 54 -5 0 -11 -10 -15 -22z" />
        <path d="M2268 903 c-8 -10 -18 -27 -21 -38 -3 -11 -10 -35 -15 -52 -19 -59 4 -34 31 34 28 71 29 84 5 56z" />
        <path d="M2900 949 c-7 -11 -10 -23 -7 -25 2 -2 9 7 15 21 14 30 7 33 -8 4z" />
        <path d="M3421 772 c-17 -31 -13 -40 5 -14 9 13 14 26 11 29 -3 2 -10 -4 -16 -15z" />
        <path d="M3730 4886 c0 -15 25 -56 36 -60 12 -4 11 0 -1 24 -14 26 -35 48 -35 36z" />
        <path d="M1685 2941 c-3 -5 -2 -12 3 -15 5 -3 9 1 9 9 0 17 -3 19 -12 6z" />
        <path d="M1136 1992 c-3 -5 1 -9 9 -9 8 0 12 4 9 9 -3 4 -7 8 -9 8 -2 0 -6 -4 -9 -8z" />
        <path d="M3541 1625 c0 -27 4 -70 8 -95 8 -41 9 -38 10 35 0 44 -4 87 -9 95 -7 11 -10 1 -9 -35z" />
        <path
            d="M4064 1313 c0 -137 -2 -365 -6 -508 l-6 -260 12 230 c7 127 14 217 15 200 1 -16 6 -109 12 -205 9 -165 26 -292 28 -215 0 17 -4 100 -9 185 -5 85 -10 225 -10 310 -1 273 -12 510 -24 510 -8 0 -12 -70 -12 -247z" />
        <path d="M4163 1544 c-3 -8 -2 -19 3 -24 5 -5 10 1 10 16 2 27 -4 31 -13 8z" />
        <path d="M5095 1521 c-3 -5 -2 -12 3 -15 5 -3 9 1 9 9 0 17 -3 19 -12 6z" />
        <path
            d="M4216 1365 c3 -43 8 -50 29 -41 25 9 16 70 -11 74 -19 3 -21 -1 -18 -33z m25 -28 c-8 -8 -11 -5 -11 9 0 27 14 41 18 19 2 -9 -1 -22 -7 -28z" />
        <path d="M2554 930 c0 -140 2 -198 3 -128 2 71 2 185 0 255 -1 71 -3 13 -3 -127z" />
        <path d="M3742 605 c0 -27 4 -61 8 -75 7 -23 8 -22 8 10 1 19 -3 53 -7 75 l-9 40 0 -50z" />
    </g>
</svg>


============================================================
COMPONENT VIEW: C:\laragon\www\skwelahubv1\resources\views\components\auth-header.blade.php
============================================================
@props([
    'title',
    'description',
])

<div class="flex w-full flex-col text-center">
    <flux:heading size="xl">{{ $title }}</flux:heading>
    <flux:subheading>{{ $description }}</flux:subheading>
</div>


============================================================
COMPONENT VIEW: C:\laragon\www\skwelahubv1\resources\views\components\auth-session-status.blade.php
============================================================
@props([
    'status',
])

@if ($status)
    <div {{ $attributes->merge(['class' => 'font-medium text-sm text-green-600']) }}>
        {{ $status }}
    </div>
@endif


============================================================
COMPONENT VIEW: C:\laragon\www\skwelahubv1\resources\views\components\desktop-user-menu.blade.php
============================================================
<flux:dropdown position="bottom" align="start">
    <flux:sidebar.profile
        :name="auth()->user()->name"
        :initials="auth()->user()->initials()"
        icon:trailing="chevrons-up-down"
        data-test="sidebar-menu-button"
    />

    <flux:menu>
        <div class="flex items-center gap-2 px-1 py-1.5 text-start text-sm">
            <flux:avatar
                :name="auth()->user()->name"
                :initials="auth()->user()->initials()"
            />
            <div class="grid flex-1 text-start text-sm leading-tight">
                <flux:heading class="truncate">{{ auth()->user()->name }}</flux:heading>
                <flux:text class="truncate">{{ auth()->user()->email }}</flux:text>
            </div>
        </div>
        <flux:menu.separator />
        <flux:menu.radio.group>
            <flux:menu.item :href="route('profile.edit')" icon="cog" wire:navigate>
                {{ __('Settings') }}
            </flux:menu.item>
            <form method="POST" action="{{ route('logout') }}" class="w-full">
                @csrf
                <flux:menu.item
                    as="button"
                    type="submit"
                    icon="arrow-right-start-on-rectangle"
                    class="w-full cursor-pointer"
                    data-test="logout-button"
                >
                    {{ __('Log out') }}
                </flux:menu.item>
            </form>
        </flux:menu.radio.group>
    </flux:menu>
</flux:dropdown>


============================================================
COMPONENT VIEW: C:\laragon\www\skwelahubv1\resources\views\components\passkey-registration.blade.php
============================================================
@assets
@vite('resources/js/passkeys.js')
@endassets

<div
    x-data="{
        supported: false,
        showForm: false,
        name: '',
        loading: false,
        error: null,
        updateSupport() {
            this.supported = Boolean(window.Passkeys?.isSupported());
        },
        getDefaultPasskeyName() {
            const ua = navigator.userAgent;

            const browser = [
                { pattern: /Edg|Edge/, name: 'Edge' },
                { pattern: /OPR|Opera|OPiOS/, name: 'Opera' },
                { pattern: /Firefox|FxiOS/, name: 'Firefox' },
                { pattern: /Chrome|CriOS/, name: 'Chrome' },
                { pattern: /Safari/, name: 'Safari' },
            ].find(({ pattern }) => pattern.test(ua))?.name;

            const os = [
                { pattern: /iPhone/, name: 'iPhone' },
                { pattern: /iPad|Macintosh(?=.*Mobile)/, name: 'iPad' },
                { pattern: /Android/, name: 'Android' },
                { pattern: /Mac/, name: 'Mac' },
                { pattern: /Windows/, name: 'Windows' },
            ].find(({ pattern }) => pattern.test(ua))?.name;

            return [browser, os].filter(Boolean).join(' on ') || '';
        },
        init() {
            this.name = this.getDefaultPasskeyName();
            this.updateSupport();

            window.addEventListener('passkeys:ready', () => this.updateSupport(), { once: true });
        },
        async register() {
            if (!this.name.trim()) return;

            this.loading = true;
            this.error = null;

            try {
                await window.Passkeys.register({ name: this.name });
                this.name = '';
                this.showForm = false;
                await $wire.loadPasskeys();
            } catch (e) {
                if (e.constructor?.name !== 'UserCancelledError') {
                    this.error = e.message;
                }
            } finally {
                this.loading = false;
            }
        },
        cancel() {
            this.showForm = false;
            this.name = '';
            this.error = null;
        },
    }"
>
    <template x-if="!supported">
        <flux:text>{{ __('Passkeys are not supported in this browser.') }}</flux:text>
    </template>

    <template x-if="supported && !showForm">
        <div>
            <flux:button
                variant="primary"
                icon="plus"
                x-on:click="showForm = true"
            >
                {{ __('Add passkey') }}
            </flux:button>
        </div>
    </template>

    <template x-if="supported && showForm">
        <div class="space-y-4 rounded-lg border border-zinc-200 dark:border-zinc-700 bg-zinc-50 dark:bg-zinc-800/50 p-4">
            <flux:input
                label="{{ __('Passkey name') }}"
                x-model="name"
                placeholder="{{ __('e.g., MacBook Pro, iPhone') }}"
                x-on:keydown.enter.prevent="register()"
                x-ref="passkeyNameInput"
                x-init="$nextTick(() => $refs.passkeyNameInput?.focus())"
            />
            <flux:text class="!mt-1">{{ __('Give this passkey a name to help you identify it later.') }}</flux:text>

            <p x-show="error" x-text="error" x-cloak class="text-sm text-red-600 dark:text-red-400"></p>

            <div class="flex gap-2">
                <flux:button
                    variant="primary"
                    x-on:click="register()"
                    x-bind:disabled="loading || !name.trim()"
                >
                    <span x-show="!loading">{{ __('Register passkey') }}</span>
                    <span x-show="loading" x-cloak>{{ __('Registering...') }}</span>
                </flux:button>
                <flux:button
                    variant="ghost"
                    x-on:click="cancel()"
                >
                    {{ __('Cancel') }}
                </flux:button>
            </div>
        </div>
    </template>
</div>


============================================================
COMPONENT VIEW: C:\laragon\www\skwelahubv1\resources\views\components\passkey-verify.blade.php
============================================================
@props([
    'optionsRoute' => 'passkey.login-options',
    'submitRoute' => 'passkey.login',
    'label' => __('Sign in with a passkey'),
    'loadingLabel' => __('Authenticating...'),
    'separator' => __('Or continue with email'),
])

@assets
@vite('resources/js/passkeys.js')
@endassets

<div
    x-data="{
        supported: false,
        loading: false,
        error: null,
        updateSupport() {
            this.supported = Boolean(window.Passkeys?.isSupported());
        },
        init() {
            this.updateSupport();

            window.addEventListener('passkeys:ready', () => this.updateSupport(), { once: true });
        },
        async verify() {
            this.loading = true;
            this.error = null;
            try {
                const response = await window.Passkeys.verify({
                    routes: {
                        options: '{{ route($optionsRoute) }}',
                        submit: '{{ route($submitRoute) }}',
                    },
                });
                Livewire.navigate(response.redirect || '/dashboard');
            } catch (e) {
                if (e.constructor?.name !== 'UserCancelledError') {
                    this.error = e.message;
                }
            } finally {
                this.loading = false;
            }
        },
    }"
>
    <template x-if="supported">
        <div>
            <div class="grid gap-2">
                <flux:button
                    variant="outline"
                    icon="finger-print"
                    class="w-full"
                    x-on:click="verify()"
                    x-bind:disabled="loading"
                >
                    <span x-show="!loading">{{ $label }}</span>
                    <span x-show="loading" x-cloak>{{ $loadingLabel }}</span>
                </flux:button>
                <p x-show="error" x-text="error" x-cloak
                   class="text-sm text-center text-red-600 dark:text-red-400"></p>
            </div>

            <div class="relative my-6">
                <div class="absolute inset-0 flex items-center">
                    <div class="w-full border-t border-zinc-200 dark:border-zinc-700"></div>
                </div>
                <div class="relative flex justify-center text-xs uppercase">
                    <span class="px-2 text-zinc-500 dark:text-zinc-400 bg-white dark:bg-zinc-900">
                        {{ $separator }}
                    </span>
                </div>
            </div>
        </div>
    </template>
</div>


============================================================
COMPONENT VIEW: C:\laragon\www\skwelahubv1\resources\views\components\placeholder-pattern.blade.php
============================================================
@props([
    'id' => uniqid(),
])

<svg {{ $attributes }} fill="none">
    <defs>
        <pattern id="pattern-{{ $id }}" x="0" y="0" width="8" height="8" patternUnits="userSpaceOnUse">
            <path d="M-1 5L5 -1M3 9L8.5 3.5" stroke-width="0.5"></path>
        </pattern>
    </defs>
    <rect stroke="none" fill="url(#pattern-{{ $id }})" width="100%" height="100%"></rect>
</svg>


============================================================
COMPONENT VIEW: C:\laragon\www\skwelahubv1\resources\views\components\settings\layout.blade.php
============================================================
<div class="flex items-start max-md:flex-col">
    <div class="me-10 w-full pb-4 md:w-[220px]">
        <flux:navlist aria-label="{{ __('Settings') }}">
            <flux:navlist.item :href="route('profile.edit')" wire:navigate>{{ __('Profile') }}</flux:navlist.item>
            <flux:navlist.item :href="route('security.edit')" wire:navigate>{{ __('Security') }}</flux:navlist.item>
            <flux:navlist.item :href="route('appearance.edit')" wire:navigate>{{ __('Appearance') }}</flux:navlist.item>
        </flux:navlist>
    </div>

    <flux:separator class="md:hidden" />

    <div class="flex-1 self-stretch max-md:pt-6">
        <flux:heading>{{ $heading ?? '' }}</flux:heading>
        <flux:subheading>{{ $subheading ?? '' }}</flux:subheading>

        <div class="mt-5 w-full max-w-lg">
            {{ $slot }}
        </div>
    </div>
</div>

